caseid,BLOCK30QID9_1_W1,BLOCK30QID9_2_W1,BLOCK30QID9_3_W1,BLOCK30QID9_4_W1,BLOCK30QID9_5_W1,BLOCK30QID9_6_W1,BLOCK30QID9_7_W1,BLOCK30QID9_8_W1,BLOCK30QID9_9_W1,BLOCK30QID9_10_W1,BLOCK30QID9_11_W1,BLOCK30QID9_12_W1,BLOCK30QID9_13_W1,BLOCK30QID9_14_W1,BLOCK30QID9_15_W1,BLOCK30QID9_16_W1,BLOCK30QID9_17_W1,BLOCK30QID9_18_W1,BLOCK30QID9_19_W1,BLOCK30QID9_20_W1,BLOCK30QID9_21_W1,BLOCK30QID9_22_W1,BLOCK30QID9_23_W1,BLOCK30QID9_24_W1,BLOCK30QID9_25_W1,BLOCK30QID9_26_W1,BLOCK30QID9_27_W1,BLOCK30QID9_28_W1,BLOCK30QID9_29_W1,BLOCK30QID9_30_W1,BLOCK30QID9_31_W1,BLOCK30QID9_32_W1,BLOCK30QID9_33_W1,BLOCK30QID9_34_W1,BLOCK30QID9_35_W1,BLOCK30QID9_36_W1,BLOCK30QID9_37_W1,BLOCK30QID9_38_W1,BLOCK30QID9_39_W1,BLOCK30QID9_40_W1
10000003,A,A,B,A,A,A,A,B,B,A,B,A,B,B,A,A,B,A,A,B,A,B,A,A,B,A,B,A,B,A,A,B,A,B,A,A,B,A,A,A
10000009,A,A,A,B,B,B,B,B,A,A,A,B,A,B,A,B,B,A,A,A,A,B,A,A,A,A,A,B,A,B,A,B,A,B,B,B,A,B,A,B
10000010,A,B,A,A,A,A,B,A,A,A,A,A,A,A,A,A,B,A,A,A,B,A,B,A,A,B,A,A,A,B,B,B,B,A,A,A,B,A,A,A
10000011,B,B,B,B,B,B,B,B,B,B,B,B,B,B,B,B,A,B,A,A,B,B,B,A,B,B,B,B,A,B,B,B,A,B,B,B,B,B,B,B
10000014,A,A,A,A,B,A,B,B,A,B,A,A,B,B,B,B,B,B,A,B,A,B,A,A,B,B,B,A,B,B,A,A,B,A,A,B,B,A,B,A
10000021,B,A,A,B,A,A,A,A,A,A,A,A,B,A,A,B,B,B,A,A,A,A,B,A,B,B,B,A,A,A,A,A,B,A,B,A,B,A,A,A
10000029,A,A,B,B,A,B,B,B,B,A,B,B,A,B,B,A,B,B,B,A,A,B,A,B,A,B,A,A,B,A,B,B,B,B,B,B,A,B,A,A
10000040,B,A,A,B,B,B,B,A,A,A,A,A,B,A,A,A,B,A,B,B,A,A,A,B,A,B,B,B,B,B,B,A,A,A,A,B,B,B,A,A
10000041,B,B,B,A,A,A,B,A,A,B,B,B,B,B,B,A,B,B,B,A,B,A,A,B,B,B,B,B,B,B,B,B,B,B,B,B,B,A,B,B
10000042,B,B,B,A,A,B,B,B,A,A,A,A,A,B,A,A,A,A,B,B,A,A,B,A,B,A,A,B,A,A,A,A,A,B,A,B,A,B,A,A
10000044,A,A,A,B,A,B,A,B,A,B,B,B,B,A,A,A,A,A,B,B,A,A,B,A,B,B,A,A,B,B,A,B,B,A,A,A,A,A,B,A
10000046,B,A,B,B,B,B,A,B,A,B,B,B,A,A,B,B,B,A,B,B,B,B,B,B,A,B,B,B,B,B,B,B,B,B,B,A,A,A,B,A
10000051,A,B,B,A,B,B,A,B,B,A,B,B,B,B,B,B,B,B,A,A,A,A,A,A,B,B,A,A,B,B,A,B,B,B,B,B,B,B,B,B
10000052,A,B,B,B,A,B,B,B,A,A,B,A,B,B,A,B,A,B,B,B,B,A,B,A,A,A,B,B,B,A,A,B,A,A,A,B,B,A,B,B
10000056,B,B,A,B,A,A,A,A,A,B,B,A,A,A,A,A,A,A,B,A,A,B,A,A,A,B,B,A,A,A,A,B,A,A,A,B,A,A,B,A
10000060,A,B,A,A,A,A,A,A,A,A,A,A,A,A,B,A,A,B,B,A,B,B,B,A,B,A,A,A,B,B,A,A,A,A,A,A,A,B,A,A
10000062,A,B,B,B,B,B,A,B,B,B,B,B,A,B,A,B,B,A,B,B,B,B,A,A,B,B,A,B,B,B,B,B,B,A,B,B,B,B,B,B
10000066,A,A,B,A,B,A,A,A,B,A,B,B,B,A,B,B,A,B,A,B,A,B,A,B,A,B,B,A,B,A,B,A,A,B,A,B,A,B,A,B
10000069,A,B,A,A,B,A,A,B,A,A,B,A,B,A,A,B,B,A,A,B,B,B,B,A,A,B,A,B,B,A,B,A,A,B,B,B,A,A,B,B
10000070,A,A,B,B,B,B,B,A,B,B,A,A,B,A,B,A,B,B,B,B,A,B,B,B,B,B,A,B,A,B,B,A,B,B,B,A,B,A,B,A
10000074,B,B,B,B,B,B,B,B,B,B,A,B,B,A,B,A,B,A,B,B,B,A,B,B,B,B,A,B,B,B,B,B,B,B,B,B,B,B,B,B
10000075,B,A,B,B,B,B,B,A,A,A,B,A,B,A,B,B,A,A,A,A,A,B,B,A,B,A,A,A,B,B,A,A,B,A,A,B,B,B,B,A
10000078,B,B,A,A,A,B,B,B,B,B,A,B,B,B,A,A,A,B,A,A,A,B,B,B,A,B,B,A,B,B,B,A,B,A,A,B,B,B,A,A
10000080,A,B,B,A,A,B,B,B,B,A,A,B,B,A,A,A,B,A,A,A,A,B,A,B,B,A,A,B,A,B,B,B,A,B,A,B,B,B,B,B
10000086,B,A,B,A,B,A,B,A,A,A,B,A,B,B,A,B,B,B,A,B,B,B,B,B,B,A,B,A,B,B,A,B,B,A,B,B,B,B,A,B
10000088,A,B,A,B,B,A,B,B,A,B,A,A,A,B,A,A,A,B,A,B,A,A,B,A,B,B,B,B,A,B,A,B,A,A,A,B,A,A,A,A
10000089,A,B,B,A,A,B,B,B,A,A,B,A,B,B,B,B,A,B,B,B,B,B,B,B,B,B,A,A,A,A,B,B,A,B,A,B,B,B,A,A
10000090,B,B,A,A,B,A,A,B,A,B,A,B,B,B,B,B,B,A,B,B,B,A,B,A,B,B,B,B,B,B,B,B,B,B,A,B,B,B,B,B
10000091,B,B,B,B,B,A,B,A,A,B,A,B,A,B,B,A,B,B,B,A,B,B,B,B,B,B,B,A,A,A,A,B,A,A,A,A,B,B,B,A
10000094,B,B,B,B,B,B,B,A,B,B,B,B,A,A,B,A,A,A,B,B,B,B,A,B,B,A,B,A,B,B,A,A,B,B,B,B,B,B,A,B
10000101,B,B,B,B,B,A,A,B,A,A,B,B,B,A,B,B,B,B,A,B,B,B,B,B,A,B,A,A,A,B,A,B,B,A,A,A,B,B,B,B
10000103,B,A,A,A,B,A,B,A,A,B,B,A,B,A,B,B,B,A,B,A,B,A,B,B,A,A,B,A,B,B,A,B,A,B,B,B,A,B,B,A
10000107,B,A,A,B,B,A,A,A,B,A,A,B,B,A,B,B,B,B,A,B,B,B,B,B,A,B,A,A,B,B,B,B,B,A,B,B,B,B,B,B
10000109,A,A,A,B,B,B,A,B,B,A,A,B,B,A,B,B,B,A,B,B,A,B,A,A,A,A,A,B,B,B,A,B,B,A,A,A,B,B,B,B
10000111,B,B,A,B,B,B,B,B,B,B,B,A,B,B,A,B,B,B,B,B,B,A,B,B,B,B,B,A,B,B,A,B,A,B,B,B,B,B,B,B
10000114,B,A,A,B,A,A,A,A,A,A,A,A,B,A,B,A,B,A,A,A,B,A,A,A,B,A,B,B,A,B,A,B,B,B,B,B,A,A,B,A
10000116,A,A,B,A,A,B,A,A,A,B,A,A,A,B,A,A,A,B,A,A,A,A,B,B,A,A,A,A,A,B,A,A,A,A,A,B,A,B,A,B
10000117,A,B,B,B,B,B,A,B,A,A,A,A,A,A,A,B,A,A,A,B,A,A,B,A,A,A,B,A,A,B,A,B,A,A,A,A,A,A,A,A
10000122,A,B,B,A,B,A,B,A,A,B,B,A,A,B,B,B,B,B,B,A,B,B,B,B,B,B,B,B,B,B,B,A,B,A,B,B,B,B,B,B
10000123,A,B,B,B,A,A,B,A,B,B,B,A,A,A,B,A,A,A,B,B,B,A,A,A,A,B,A,B,A,B,A,B,B,A,A,B,B,B,A,A
10000126,A,A,A,A,A,A,A,B,A,A,A,A,A,A,A,A,A,A,A,A,A,A,A,A,A,A,A,A,A,A,A,A,A,A,A,A,A,A,A,A
10000127,A,A,A,A,A,B,B,B,B,B,A,B,A,B,B,B,B,B,B,B,B,A,B,B,B,B,B,A,A,B,B,A,B,B,A,B,A,B,B,B
10000129,A,A,A,B,A,B,A,B,B,A,A,A,A,B,A,B,B,A,A,B,B,B,B,B,B,A,A,A,A,B,A,A,A,A,B,A,B,B,B,B
10000133,B,B,B,B,B,B,B,B,B,A,B,B,B,A,B,B,B,A,A,B,B,B,A,B,A,B,B,A,A,A,B,B,B,A,A,B,B,B,A,A
10000134,A,A,A,A,B,B,A,A,A,B,B,A,B,B,B,A,B,A,B,B,B,B,A,B,A,A,A,A,B,B,A,B,A,A,A,A,A,A,B,A
10000139,B,A,A,A,B,B,B,B,A,B,B,B,B,B,B,B,B,A,A,B,A,B,B,B,B,B,B,B,B,B,B,B,A,A,B,B,A,B,A,B
10000147,A,A,A,A,B,B,B,A,B,B,B,A,B,A,B,B,A,A,B,A,B,B,A,A,B,B,A,A,A,B,B,B,A,A,A,A,B,A,A,A
10000153,A,B,B,B,B,A,B,A,B,B,B,B,A,A,A,A,B,B,A,B,B,B,A,A,B,B,A,A,B,A,B,A,B,A,A,A,B,B,B,A
10000155,B,B,B,B,B,B,B,B,B,B,B,B,B,B,B,B,B,B,B,B,B,B,B,B,B,B,B,B,B,B,B,B,B,B,A,B,B,B,B,B
10000157,,,,,,,,,,,,,,,,,,,,,,,,,,,,,,,,,,,,,,,,
10000158,A,B,B,A,B,B,B,B,B,B,B,B,A,B,B,B,B,B,B,A,B,A,B,B,B,B,B,A,B,B,B,A,A,B,B,B,B,A,B,B
10000165,B,B,A,A,B,A,B,B,B,A,B,A,A,A,A,B,A,B,A,B,B,A,B,B,B,B,B,A,B,B,A,A,B,A,A,B,B,A,A,B
10000166,B,A,A,A,B,B,B,B,B,A,B,B,B,B,A,B,A,B,B,B,B,A,B,B,B,B,B,A,A,B,A,B,B,A,B,B,B,A,B,A
10000169,B,A,B,A,B,B,A,A,B,B,A,A,B,A,A,B,B,B,B,A,A,A,B,B,B,B,A,B,A,B,A,A,B,B,B,A,B,B,B,B
10000172,B,B,A,B,B,A,B,A,B,B,A,B,A,A,B,A,B,B,A,A,B,A,B,B,B,B,B,A,B,B,A,B,B,B,A,B,B,B,B,B
10000174,B,A,B,B,A,A,B,A,B,B,B,B,A,A,B,A,B,B,B,B,B,B,B,A,B,B,B,A,B,B,B,A,B,B,B,B,B,B,A,B
10000178,A,B,A,A,B,A,B,B,B,B,B,A,B,A,B,A,A,B,A,B,A,A,B,B,B,A,B,A,B,B,B,B,B,B,A,B,A,B,B,A
10000181,A,B,B,B,A,A,B,B,B,B,A,B,A,B,B,B,A,A,B,A,A,B,A,B,A,A,B,B,A,B,A,B,A,B,B,A,A,A,A,B
10000182,A,B,A,B,B,A,B,B,B,B,B,A,B,A,B,B,B,B,A,B,B,B,B,B,B,B,B,A,B,B,A,A,B,B,B,B,B,A,A,A
10000186,A,A,B,A,A,B,A,B,A,B,B,B,B,B,B,B,A,A,B,B,B,B,B,B,A,B,B,A,A,B,B,A,B,B,A,B,A,A,B,B
10000189,B,B,A,B,B,A,B,B,B,B,A,A,B,B,A,A,B,A,A,A,A,A,B,A,A,A,B,B,B,B,A,B,A,A,B,A,B,B,B,A
10000197,B,B,A,B,B,B,B,A,B,A,B,B,B,B,B,B,A,A,B,B,B,B,B,A,B,B,B,B,B,A,B,B,B,B,B,B,B,B,B,A
10000199,A,B,B,B,A,B,A,B,B,A,A,A,B,B,A,A,B,B,B,A,A,A,A,B,A,A,B,A,A,B,A,B,A,B,B,A,A,A,A,A
10000201,B,A,B,B,A,B,B,A,B,B,B,B,A,B,B,B,B,A,A,B,B,B,B,B,A,B,B,B,B,B,A,A,B,B,B,B,B,B,A,B
10000202,A,B,A,A,B,B,A,B,A,B,B,B,B,A,A,B,B,B,B,B,B,B,B,B,B,B,A,B,A,A,A,A,B,B,B,A,B,A,A,A
10000207,A,B,A,A,A,A,B,A,A,A,B,B,B,B,B,A,B,A,A,B,A,A,B,B,B,B,B,A,A,B,B,B,B,B,B,B,A,B,A,B
10000210,B,B,A,A,A,B,A,B,A,B,B,A,B,A,B,A,A,A,B,B,B,A,A,A,B,A,A,A,A,A,A,B,A,A,B,B,A,B,B,B
10000214,B,A,B,B,B,A,A,A,A,B,A,A,A,A,B,A,A,B,B,A,A,A,B,A,A,A,A,A,A,A,B,A,A,A,A,A,A,B,A,A
10000215,B,B,A,A,A,B,B,A,A,A,A,A,A,A,A,B,A,A,A,A,A,B,A,A,A,A,A,B,A,A,A,A,B,B,A,B,B,B,A,A
10000217,A,A,B,A,A,B,A,B,B,B,A,B,A,B,A,B,A,B,B,B,A,A,B,A,A,B,A,B,A,B,B,A,A,A,A,B,B,B,A,A
10000219,A,B,B,A,A,A,B,A,B,B,B,B,B,B,A,B,A,A,B,B,B,A,B,B,B,B,B,B,A,B,A,B,B,B,B,B,B,B,B,B
10000224,A,B,A,A,A,A,A,B,B,B,A,A,B,B,B,B,B,B,B,B,B,B,B,B,A,B,B,B,B,A,B,B,B,B,B,B,B,B,A,B
10000232,B,A,A,A,A,A,A,A,A,A,B,A,B,A,B,A,B,A,A,A,B,A,A,A,A,B,A,B,B,A,A,B,A,A,A,B,B,A,B,B
10000233,B,A,A,A,A,B,B,A,B,A,B,A,A,B,A,B,A,B,A,B,B,B,B,B,A,B,A,B,B,A,B,B,B,B,A,A,B,A,B,A
10000239,A,A,B,B,B,A,A,B,B,B,B,B,B,A,B,B,A,A,A,A,B,B,A,A,B,B,B,A,A,A,A,B,A,B,B,B,A,B,B,B
10000245,B,B,A,B,B,B,B,A,B,B,B,A,B,A,A,A,A,B,B,A,A,B,B,A,A,A,B,B,A,A,B,B,A,B,B,A,B,B,B,B
10000246,A,B,A,A,A,B,B,A,B,B,B,A,A,A,A,A,A,B,B,A,A,B,B,B,A,B,A,A,A,A,B,A,A,A,B,B,A,B,A,B
10000251,A,B,A,A,A,A,A,B,B,B,B,B,A,A,B,B,A,A,A,A,B,B,B,A,A,A,B,B,A,B,B,B,B,A,B,A,A,A,B,A
10000253,B,B,B,A,B,B,B,B,B,A,B,B,B,A,B,A,B,B,A,A,A,B,B,B,A,B,A,B,A,B,B,A,A,B,B,B,B,B,A,A
10000254,A,B,B,B,A,A,A,B,B,A,B,A,B,B,A,A,A,B,B,A,B,B,B,A,B,A,B,B,B,A,A,B,A,A,B,A,A,A,B,B
10000255,A,B,B,A,B,B,A,A,A,B,B,A,B,A,B,A,B,A,B,A,B,B,B,A,A,A,B,B,B,A,B,A,A,B,B,A,B,A,A,A
10000261,B,B,B,B,B,B,B,B,B,B,B,B,B,B,B,B,B,B,B,B,B,B,B,B,B,B,B,B,B,B,B,B,B,B,B,B,B,A,B,A
10000263,A,A,A,A,A,A,A,A,A,A,A,A,A,A,A,A,A,A,A,A,A,A,A,A,A,A,A,A,A,A,A,A,A,A,A,A,A,B,A,A
10000264,B,B,A,A,B,B,B,A,A,B,A,B,B,B,A,A,B,A,B,A,B,A,B,A,A,B,B,B,A,A,A,B,B,A,B,A,B,B,A,B
10000277,A,B,B,B,A,B,B,A,B,B,B,A,A,B,B,B,B,B,B,B,B,B,B,A,B,A,B,B,B,B,B,B,B,A,A,B,B,A,A,A
10000279,B,A,B,A,A,B,A,A,B,A,A,A,B,A,A,B,B,A,B,A,A,B,A,B,B,A,A,A,A,A,B,A,B,B,A,A,B,A,A,B
10000281,B,A,B,B,B,B,A,A,B,B,A,B,A,A,A,B,B,B,A,A,A,B,B,A,B,A,A,B,B,B,B,B,B,B,A,B,B,B,B,A
10000283,A,B,B,A,A,B,A,A,B,B,B,A,B,B,B,B,B,B,B,B,A,B,B,A,B,B,A,B,B,B,A,B,B,A,A,A,B,B,A,B
10000285,A,A,B,A,B,B,A,B,B,A,B,B,B,A,A,A,B,A,B,B,A,A,A,B,B,A,A,A,B,A,B,A,A,B,B,A,B,A,B,A
10000288,B,B,B,A,B,B,B,A,A,A,A,A,B,B,A,B,B,A,B,B,A,A,A,B,B,A,B,B,A,A,A,A,A,A,A,B,B,B,A,A
10000289,A,B,A,A,A,A,B,A,A,A,B,A,A,A,A,A,B,A,A,A,A,A,A,B,A,A,B,A,A,A,A,B,A,A,A,A,A,A,B,A
10000292,B,A,B,B,A,B,A,B,B,A,A,A,A,B,B,B,B,A,A,B,B,A,B,A,A,B,A,B,A,B,B,A,A,B,A,B,B,B,B,A
10000296,B,A,B,A,A,A,A,A,A,A,A,B,B,A,B,B,A,A,A,B,A,A,B,A,A,A,A,A,A,A,A,A,A,B,A,B,B,A,B,A
10000308,B,B,B,B,A,B,B,B,B,B,B,B,B,A,B,A,B,A,B,B,B,A,B,A,B,A,A,B,A,B,B,B,B,B,B,A,B,B,B,A
10000310,A,A,A,A,A,A,A,B,A,A,A,A,A,A,A,A,B,A,A,A,B,B,A,A,A,B,B,B,A,A,A,A,B,A,A,B,A,A,A,A
10000311,A,A,A,A,A,A,A,B,A,A,A,A,A,B,B,B,B,B,A,A,A,A,B,B,B,B,A,A,B,A,B,B,A,B,A,B,A,B,A,B
10000318,B,A,B,A,B,B,B,B,A,B,B,B,A,B,B,B,B,A,A,B,A,B,B,B,A,A,B,A,B,B,A,B,B,B,B,A,A,B,A,B
10000322,B,A,A,B,A,B,B,B,B,A,A,B,B,B,B,B,B,B,A,B,B,B,B,A,B,A,B,B,A,A,A,B,A,B,B,B,B,B,A,B
10000326,B,B,B,B,B,A,B,B,B,B,A,B,B,B,A,B,A,B,A,A,B,B,B,B,B,A,A,B,B,B,B,B,B,A,B,B,B,A,A,A
10000331,A,B,A,A,B,A,A,A,B,A,A,A,A,A,A,A,A,A,A,B,A,B,A,A,A,A,A,A,A,A,A,A,B,A,A,A,A,B,A,B
10000332,B,A,A,A,A,A,A,A,A,B,A,A,B,A,A,B,A,A,B,A,B,A,A,A,B,B,A,A,B,B,B,A,A,B,B,A,A,A,B,B
10000333,B,B,B,B,A,B,B,A,A,B,B,B,A,B,B,B,A,B,B,A,B,B,A,B,B,A,A,A,A,B,B,B,A,A,B,B,A,B,B,A
10000334,A,A,B,A,B,B,B,B,B,B,B,B,B,B,B,B,B,A,B,B,B,B,B,A,B,B,B,B,A,B,B,B,B,B,B,A,B,B,B,B
10000335,B,B,B,A,B,A,B,A,A,B,A,B,B,A,A,B,B,B,B,A,B,A,B,B,A,B,A,B,A,A,B,B,A,B,B,B,A,A,A,B
10000344,A,B,B,B,A,B,B,B,B,A,B,B,B,B,A,A,B,B,B,A,B,B,A,B,B,B,B,B,B,B,B,B,A,A,B,A,B,A,B,A
10000347,A,A,B,A,A,B,A,B,A,B,B,A,B,A,B,A,B,A,A,A,A,A,B,A,A,B,A,A,A,A,A,A,B,A,A,A,A,B,B,A
10000349,B,B,B,B,A,B,A,B,A,B,B,B,B,B,B,B,B,A,B,B,B,B,B,B,A,A,B,A,B,A,B,B,B,B,B,B,B,A,B,B
10000354,A,A,A,A,B,A,A,A,B,B,B,A,A,B,A,B,A,B,B,A,A,B,B,B,A,B,B,B,B,B,A,B,B,B,B,A,B,A,A,A
10000355,B,A,B,B,A,B,B,B,B,B,B,B,B,A,A,A,B,B,A,B,A,A,A,B,B,A,B,A,B,B,B,B,B,B,B,B,B,B,B,B
10000356,A,A,A,B,B,B,B,A,B,A,A,B,B,A,B,B,A,B,A,A,A,B,A,A,A,A,A,B,B,B,B,B,A,A,B,A,A,A,B,A
10000357,B,B,A,B,A,B,B,B,B,B,B,B,A,B,A,B,A,A,A,A,B,A,A,A,A,B,B,B,B,B,A,B,A,A,B,B,B,B,B,B
10000361,A,B,B,B,A,A,A,B,B,B,A,B,B,A,B,A,A,B,A,B,B,B,B,B,B,B,B,B,B,B,B,B,B,B,B,B,A,B,A,A
10000362,B,A,B,A,A,A,A,A,B,B,A,B,A,A,B,B,B,B,A,B,A,A,A,A,B,B,B,B,B,A,B,A,B,B,B,A,B,A,B,B
10000363,A,B,A,A,A,B,B,A,A,A,B,A,A,B,A,A,B,A,A,A,B,A,A,A,A,A,A,A,B,A,A,B,B,A,A,A,B,A,B,B
10000375,B,A,A,B,A,A,A,B,A,B,A,A,B,B,B,B,B,B,B,A,A,A,A,A,A,B,B,B,B,A,B,B,B,B,A,B,B,B,A,B
10000378,B,A,A,A,A,B,A,A,B,A,A,A,A,B,A,B,A,A,A,A,B,A,A,B,B,A,A,A,B,B,A,A,B,B,A,A,A,A,B,B
10000383,B,B,A,A,B,B,A,B,B,A,A,A,A,A,A,B,B,B,A,A,A,A,B,B,A,B,B,A,A,A,A,A,A,A,A,A,A,B,B,A
10000387,B,A,A,B,B,A,B,A,A,B,B,B,B,B,B,B,B,B,B,A,B,B,A,B,B,B,A,A,A,B,B,B,B,B,B,B,A,B,B,A
10000392,A,B,A,B,B,B,A,B,B,B,B,B,B,A,B,B,B,B,A,A,A,B,B,B,A,B,B,B,B,B,B,B,B,A,B,A,B,B,B,A
10000393,A,B,A,A,B,B,A,A,B,A,B,B,A,A,B,A,B,B,A,B,A,B,A,A,A,B,B,B,B,A,B,B,B,B,B,B,B,B,A,B
10000396,,,,,,,,,,,,,,,,,,,,,,,,,,,,,,,,,,,,,,,,
10000398,B,B,B,A,A,B,B,B,B,B,A,B,B,B,B,A,B,B,B,A,A,A,A,B,B,B,A,B,B,B,B,B,B,B,B,B,B,B,B,B
10000402,A,A,B,B,B,B,A,B,A,B,A,B,B,B,A,B,A,A,A,B,A,A,A,A,B,B,A,A,B,B,A,A,A,B,A,A,B,B,A,B
10000403,B,A,B,A,A,B,B,B,B,B,B,A,B,B,B,B,B,B,A,B,A,B,A,B,B,B,B,A,B,B,B,B,B,A,B,B,B,B,B,A
10000404,B,B,B,B,A,B,A,B,A,B,B,B,A,A,B,B,A,B,A,B,B,B,B,B,A,B,A,A,B,B,A,B,A,B,B,B,A,B,B,B
10000405,B,A,A,B,B,A,B,A,A,B,A,A,A,B,A,B,A,B,A,A,B,A,B,A,A,A,B,A,A,A,A,B,A,B,A,B,A,B,A,B
10000412,A,B,A,A,A,A,B,B,B,A,B,A,A,A,B,A,A,A,A,A,A,A,A,B,A,A,B,A,A,B,A,B,A,A,A,A,B,A,A,A
10000413,A,A,A,B,A,A,B,B,A,B,A,A,A,A,A,A,A,B,B,A,A,B,A,B,B,B,B,A,A,A,B,A,B,A,B,A,A,B,A,B
10000414,B,B,A,A,A,B,B,B,B,B,B,B,A,B,A,B,B,B,A,B,B,A,B,A,B,B,B,B,B,A,A,B,A,A,A,B,B,B,B,B
10000422,,,,,,,,,,,,,,,,,,,,,,,,,,,,,,,,,,,,,,,,
10000423,A,B,B,B,A,A,A,A,B,B,A,A,B,B,A,A,B,A,A,B,B,A,B,A,B,B,B,B,B,B,A,A,B,B,B,A,B,A,A,B
10000424,B,B,A,A,A,A,B,B,A,A,A,A,B,B,B,B,A,A,A,A,B,A,B,A,B,A,A,B,B,A,B,B,B,B,A,A,B,A,B,A
10000426,B,A,A,B,B,A,B,B,A,A,A,B,A,A,B,B,B,A,A,A,A,B,A,B,A,A,B,A,A,A,A,A,B,A,B,B,A,A,A,A
10000430,A,B,B,A,B,A,B,B,B,B,B,A,B,A,B,A,B,B,B,A,B,B,B,B,A,A,A,B,B,A,B,A,B,A,B,B,A,B,B,B
10000432,A,A,B,A,A,B,A,B,A,B,A,B,B,B,B,A,A,A,B,A,B,B,A,B,A,A,A,B,A,A,A,A,B,B,A,A,B,A,B,B
10000433,B,B,B,B,A,A,B,B,A,B,B,A,B,A,A,A,B,A,A,B,A,A,B,A,B,B,B,B,A,B,A,A,A,A,A,A,B,B,A,A
10000437,B,B,B,B,B,A,B,B,B,B,B,B,B,B,B,B,B,B,B,B,B,B,B,B,B,B,B,B,B,B,B,B,B,B,B,B,B,B,B,B
10000441,A,A,B,B,A,A,A,A,B,A,A,A,A,A,A,A,B,B,A,B,B,B,B,A,A,A,A,A,B,A,A,A,A,A,A,B,A,A,A,A
10000445,B,B,B,B,B,B,B,B,B,B,A,B,B,B,B,A,A,B,B,B,B,B,A,B,B,B,A,B,B,B,B,B,B,B,B,B,B,B,B,B
10000446,A,B,B,B,A,A,A,A,B,A,B,A,B,A,B,B,B,B,B,B,A,B,B,B,B,B,A,A,B,A,B,B,B,A,A,B,B,B,B,B
10000447,B,A,A,B,B,B,A,B,A,B,B,B,B,A,B,B,A,B,A,B,B,A,B,B,A,A,B,B,B,B,B,B,A,B,A,A,B,A,A,A
10000453,A,A,B,A,B,B,B,B,A,B,A,A,A,B,B,A,B,B,B,B,A,A,B,B,A,A,B,B,B,B,A,A,B,B,B,A,B,B,B,B
10000454,A,B,B,B,B,B,B,B,B,A,A,B,A,B,A,A,B,A,A,B,A,B,B,A,A,B,A,A,A,B,A,A,A,B,A,B,B,A,B,A
10000455,A,B,A,A,A,B,A,A,B,A,B,B,A,A,B,A,A,B,A,A,A,B,A,B,B,B,B,A,B,A,A,B,A,A,B,A,A,A,A,A
10000457,B,A,B,A,B,A,A,A,B,A,A,A,A,B,B,B,A,B,B,B,A,A,A,B,B,B,B,B,A,A,B,A,B,B,B,B,B,B,B,B
10000458,A,B,B,B,B,A,A,B,B,B,B,A,B,A,B,B,A,B,B,B,A,A,B,A,B,A,B,B,B,A,A,B,A,B,A,A,A,A,B,B
10000459,B,A,A,A,B,B,B,B,B,B,B,A,B,A,A,A,A,A,A,A,A,B,B,B,A,B,B,B,A,B,B,B,B,A,B,B,A,A,B,B
10000463,B,B,B,A,A,B,B,B,B,A,A,A,B,B,B,A,B,A,B,B,A,B,B,A,A,B,A,B,A,A,B,A,A,A,A,A,A,B,A,A
10000466,B,A,B,A,A,B,B,B,B,B,B,B,B,A,B,B,A,A,A,A,B,B,A,B,A,A,B,A,B,B,B,A,A,A,B,B,B,B,B,A
10000467,A,B,A,A,B,B,A,B,B,A,B,A,A,A,B,A,A,B,B,A,B,A,A,A,B,B,B,A,B,B,B,B,B,A,B,B,A,A,A,A
10000470,A,B,B,B,A,B,A,A,B,B,A,A,A,B,B,B,A,A,A,A,B,A,A,A,A,A,B,A,A,B,A,A,A,A,A,A,B,A,B,A
10000472,A,B,B,B,B,A,B,A,A,A,B,A,A,A,B,A,A,A,B,A,A,A,B,A,B,A,A,A,A,A,A,A,A,B,A,B,B,A,A,A
10000473,B,A,B,B,A,B,B,B,A,B,A,A,A,B,B,A,A,A,B,A,B,B,A,A,A,B,A,B,A,B,A,B,B,A,A,A,A,B,B,B
10000476,A,A,B,B,A,A,A,A,A,A,A,B,A,A,B,A,B,B,A,B,A,B,B,A,B,A,B,B,B,B,A,B,B,B,B,B,B,B,B,A
10000484,B,A,A,B,A,B,B,B,A,B,A,B,B,B,B,A,B,A,B,A,B,A,A,A,B,A,B,B,A,A,B,B,B,B,B,B,A,B,A,B
10000485,A,B,A,B,B,B,A,A,A,A,B,A,B,A,A,A,A,A,A,A,A,A,A,B,B,B,B,A,B,A,A,A,B,B,B,B,B,B,B,B
10000486,B,A,A,B,A,B,B,B,B,A,A,A,A,B,B,B,A,A,B,B,B,A,A,B,A,A,B,B,A,A,B,A,B,B,A,B,B,A,A,A
10000487,A,A,A,A,B,A,B,A,B,B,B,A,B,A,A,A,B,A,A,A,A,B,A,A,A,A,B,A,A,A,B,A,B,B,A,B,A,A,B,B
10000491,B,B,A,B,A,B,A,B,A,A,B,B,B,B,A,B,B,B,B,B,B,B,A,B,B,A,B,A,B,B,A,B,A,A,A,A,A,A,A,A
10000493,B,B,B,A,B,B,B,B,B,B,A,B,B,B,A,B,B,B,B,B,B,B,B,A,B,B,A,A,A,B,B,B,B,B,B,A,A,B,B,B
10000494,B,B,B,B,B,B,A,A,A,B,B,B,A,B,A,B,B,A,B,B,A,B,A,B,A,A,B,B,B,A,B,B,B,A,A,B,A,A,B,B
10000499,A,B,A,A,A,A,A,A,A,A,A,A,A,A,B,A,A,A,A,A,A,A,A,A,A,A,A,A,A,A,A,A,A,A,A,A,A,A,A,A
10000501,A,A,A,A,B,A,A,A,B,B,B,A,B,B,A,A,B,B,B,B,A,B,B,B,A,A,A,B,B,A,B,A,A,A,A,A,A,B,B,B
10000502,A,B,B,B,A,A,B,A,A,A,B,A,A,A,B,B,A,B,A,B,B,B,B,B,B,B,B,B,A,B,A,A,B,B,A,B,A,A,B,B
10000506,B,B,A,A,A,A,A,B,B,A,B,A,A,A,B,B,A,B,A,B,B,A,A,A,A,A,B,B,A,B,A,A,A,A,A,A,A,A,A,A
10000510,B,A,A,B,B,B,A,B,B,B,B,A,A,A,A,B,B,A,B,A,A,B,A,A,B,B,B,A,B,B,B,B,A,A,A,A,B,B,A,A
10000515,B,A,A,B,A,A,A,B,A,A,A,A,A,B,B,A,B,B,B,A,B,A,A,A,A,B,A,B,A,B,B,B,A,A,B,A,A,A,B,A
10000519,B,A,B,B,A,A,B,B,A,B,B,B,A,B,A,A,A,A,A,A,B,A,B,B,A,A,A,A,B,A,A,A,B,B,B,A,B,B,A,A
10000524,B,A,B,B,B,A,B,B,B,A,B,B,A,A,A,B,B,A,A,A,A,B,B,B,B,A,B,B,B,A,A,A,B,B,A,B,A,A,B,B
10000527,B,A,A,A,B,B,B,B,B,A,B,B,A,B,A,B,A,B,A,B,A,B,B,B,B,A,A,A,A,A,B,B,A,A,B,B,A,A,B,B
10000535,A,A,A,A,A,B,A,A,A,A,A,A,A,A,A,B,B,B,B,A,A,B,B,B,A,B,A,B,A,A,B,A,B,A,A,A,B,A,A,B
10000538,A,B,A,A,A,A,B,B,B,B,A,B,B,B,A,A,B,A,A,A,A,A,B,B,A,A,B,B,B,B,A,A,B,A,A,B,B,A,A,A
10000541,B,B,A,A,B,B,B,B,B,A,B,A,A,B,B,B,B,A,B,B,A,B,B,A,A,B,A,A,B,A,B,B,B,B,B,B,A,B,B,B
10000544,A,A,A,B,B,A,A,B,A,A,A,A,A,A,A,B,A,A,A,A,A,A,A,A,A,A,A,B,A,A,B,A,A,A,A,A,B,B,A,B
10000545,A,A,B,A,B,B,A,A,A,A,A,B,A,A,A,B,A,A,B,B,B,B,A,A,A,A,A,B,A,A,A,A,A,A,B,A,B,B,B,B
10000547,A,B,B,B,B,A,B,A,B,A,A,A,B,A,B,B,B,B,B,B,B,A,B,B,B,B,A,B,B,B,B,B,A,A,A,A,B,B,B,B
10000549,A,A,A,B,B,B,A,A,B,A,A,A,B,B,B,A,B,A,B,A,B,A,A,A,A,A,B,A,B,A,A,B,A,A,A,A,A,B,A,B
10000550,A,A,B,B,A,A,A,B,A,B,B,B,A,A,A,A,A,A,A,B,A,A,B,A,A,B,B,A,A,B,A,A,A,B,B,B,B,A,A,B
10000553,B,A,B,B,A,B,B,B,B,B,A,B,A,B,B,B,B,B,A,A,B,B,B,A,B,B,B,B,B,A,B,B,A,B,B,B,B,B,A,B
10000554,B,B,A,A,B,A,A,B,B,B,B,B,A,B,B,B,B,B,A,B,B,B,B,B,A,B,B,B,B,B,B,B,B,A,B,B,B,B,B,B
10000560,A,A,B,A,A,A,A,A,A,A,A,A,A,A,A,A,A,A,A,A,A,A,B,A,A,A,A,A,A,A,A,A,A,A,A,A,A,A,B,A
10000561,B,B,A,A,B,B,A,A,B,A,B,B,B,A,A,B,A,B,B,B,B,B,B,A,A,A,A,B,A,B,B,A,B,B,B,A,A,B,B,B
10000562,A,A,A,A,B,B,B,B,B,B,B,A,B,B,B,A,B,B,B,B,B,A,A,B,A,B,B,B,B,B,B,A,A,B,B,B,B,B,B,B
10000568,B,A,A,A,A,A,B,B,A,B,A,B,A,A,B,A,A,A,B,A,A,A,A,B,B,A,A,B,B,B,A,A,B,B,A,A,A,B,A,A
10000572,A,B,A,A,B,A,B,B,A,A,B,A,A,B,A,B,A,B,A,A,A,B,A,A,A,B,B,B,B,A,B,B,A,A,A,B,A,B,A,A
10000573,B,B,B,A,B,B,B,A,A,B,B,B,B,A,B,B,A,A,A,B,B,A,A,B,A,A,A,A,B,A,B,A,B,B,B,B,B,B,B,A
10000578,B,A,B,A,B,B,B,B,B,B,A,B,B,B,B,B,B,B,B,B,B,B,B,B,B,B,B,A,B,B,A,B,A,B,B,B,B,B,B,B
10000586,A,A,A,A,A,B,A,A,A,B,A,A,A,A,B,B,B,B,A,B,B,B,A,A,B,B,B,B,A,A,A,A,B,B,B,A,B,B,A,B
10000587,A,B,B,B,A,B,B,B,B,B,A,B,B,A,B,B,B,B,A,B,B,A,B,B,B,B,B,B,B,B,B,B,B,A,B,B,B,B,B,B
10000588,A,B,B,B,A,A,A,B,B,B,B,B,B,B,B,A,B,A,B,A,B,A,A,B,A,B,B,A,B,A,A,B,B,B,B,B,B,B,B,B
10000591,A,A,B,B,A,B,A,A,B,A,B,B,A,A,A,A,B,B,B,B,A,A,A,B,B,B,B,B,A,B,B,A,B,B,B,A,B,A,A,A
10000593,A,A,A,A,A,A,A,A,A,A,A,A,A,A,A,A,A,A,A,A,A,B,A,B,B,A,A,A,B,A,A,A,A,A,A,A,A,A,A,A
10000598,A,B,B,A,A,B,B,B,A,B,A,B,B,A,B,A,B,B,B,A,B,B,B,A,B,B,A,A,B,B,B,B,A,B,B,A,B,A,A,B
10000599,A,B,B,A,B,B,A,B,B,A,B,A,B,B,B,B,A,A,B,B,B,B,A,B,B,B,B,B,B,B,B,B,B,A,A,B,B,A,B,A
10000603,A,A,A,B,A,B,A,A,A,A,B,A,A,A,A,B,A,A,A,A,A,A,B,A,B,A,A,A,B,A,A,A,A,A,A,A,A,A,A,B
10000616,B,B,B,B,B,B,B,B,B,B,A,B,B,B,A,A,B,A,A,B,B,A,B,B,B,B,B,A,B,A,B,B,A,B,A,A,B,A,A,A
10000625,A,B,A,A,A,B,A,A,B,B,B,A,B,B,B,B,B,B,B,B,B,B,B,A,B,B,A,A,B,B,B,B,A,B,A,B,B,B,B,B
10000629,A,A,A,B,A,A,B,B,B,B,B,A,B,A,B,A,A,B,A,A,A,A,A,B,A,A,B,A,A,A,A,B,A,A,A,B,B,B,A,A
10000633,B,B,A,A,A,A,B,B,B,A,A,A,B,A,B,A,A,A,A,B,B,B,B,B,A,A,B,A,A,B,B,B,A,B,A,B,A,A,A,A
10000634,B,A,A,A,B,A,B,B,B,A,A,B,A,B,B,B,B,A,A,B,B,B,B,B,B,B,B,B,B,B,B,B,B,A,B,B,A,B,B,B
10000636,B,B,A,B,B,B,B,A,B,B,A,B,B,A,B,A,A,B,A,B,B,B,B,A,B,A,B,B,A,A,B,B,A,B,A,A,A,A,B,B
10000637,B,B,A,B,B,A,B,B,B,A,B,A,A,A,A,A,A,A,B,A,A,B,B,A,A,A,B,B,A,B,B,A,A,B,A,A,B,A,B,B
10000638,B,B,B,B,B,B,B,B,B,B,B,A,B,B,A,B,B,A,B,B,A,B,B,A,B,A,B,B,A,A,B,B,A,A,B,A,B,B,B,A
10000642,A,B,B,B,B,B,A,B,B,A,A,B,A,A,A,A,A,A,B,B,B,B,B,B,B,A,B,B,B,B,B,A,A,A,A,A,B,A,B,A
10000644,B,B,B,B,B,B,B,B,B,B,A,B,B,B,B,B,B,B,B,B,B,A,B,B,A,B,A,A,B,B,A,B,B,B,A,B,B,B,B,B
10000645,A,A,A,A,A,A,A,B,A,A,B,A,A,A,B,A,B,B,B,A,A,A,B,A,B,A,B,A,A,B,A,B,A,B,A,A,A,B,B,A
10000650,B,A,A,B,B,B,B,B,B,A,B,A,B,B,A,B,B,B,A,A,A,B,B,A,A,B,B,B,A,A,B,B,B,B,A,B,B,A,B,B
10000651,B,B,B,B,A,A,A,A,A,A,A,B,B,A,B,B,B,A,B,B,A,B,A,A,B,B,B,A,A,B,B,B,B,B,B,B,A,A,A,B
10000654,A,B,B,A,A,A,A,B,B,B,B,A,A,B,B,A,A,B,B,B,B,A,B,A,B,A,B,B,B,A,B,A,A,B,B,B,A,A,B,B
10000656,A,A,A,B,B,A,B,B,A,A,A,A,B,A,B,A,B,B,B,A,A,B,A,B,A,A,B,B,A,A,B,B,A,B,B,A,B,B,A,B
10000658,B,B,A,B,B,A,A,A,B,A,B,B,B,B,B,B,B,A,A,A,B,B,B,A,B,B,A,A,B,A,B,A,B,B,B,B,B,B,B,B
10000659,B,A,A,B,A,A,A,A,B,B,A,B,A,B,A,A,B,B,B,A,A,B,A,A,B,A,A,A,A,A,A,A,A,B,B,A,A,B,B,B
10000665,B,B,A,A,B,B,B,B,B,A,B,A,A,B,A,B,B,A,B,B,A,B,A,A,B,A,B,B,B,B,A,B,B,A,B,A,B,B,A,A
10000670,A,B,A,A,A,B,B,A,B,A,A,A,A,A,B,B,A,B,A,B,A,B,B,A,A,B,B,B,B,B,B,A,B,A,B,B,A,B,B,B
10000671,B,B,B,B,B,B,B,A,B,B,B,B,B,A,A,A,B,A,B,B,B,B,A,B,B,B,B,B,B,B,A,A,B,B,B,B,B,A,B,B
10000673,B,B,B,B,B,A,B,B,A,A,A,B,B,B,A,B,B,B,B,B,A,A,B,B,B,B,B,B,B,B,B,B,B,B,B,B,A,A,B,A
10000675,A,B,B,B,B,B,A,A,B,B,A,B,B,A,B,B,B,A,A,B,A,B,B,B,A,A,A,A,B,A,B,B,B,A,B,A,A,B,B,A
10000679,B,B,A,B,B,A,A,B,B,B,A,B,A,B,B,B,A,A,B,B,A,B,A,B,A,A,B,A,B,B,B,B,A,B,B,B,A,B,B,B
10000680,A,B,A,A,A,B,B,A,A,B,A,A,A,B,A,A,A,A,A,B,A,B,A,B,A,A,A,B,A,A,A,A,A,A,A,B,A,A,A,A
10000681,B,A,B,B,B,B,B,B,A,A,B,A,A,A,A,A,A,B,A,A,A,B,B,B,A,B,A,B,B,B,B,A,A,A,B,B,B,A,A,B
10000684,A,B,A,B,B,B,B,B,A,B,A,A,A,B,B,A,A,A,B,B,B,B,B,A,B,B,B,A,A,B,B,B,A,B,B,B,B,A,B,A
10000686,B,A,A,A,A,A,B,A,B,A,A,A,A,A,B,A,A,B,B,A,A,B,A,A,B,B,A,A,B,B,A,B,A,A,B,B,B,B,A,A
10000687,,,,,,,,,,,,,,,,,,,,,,,,,,,,,,,,,,,,,,,,
10000689,B,A,A,A,A,B,A,A,A,B,A,B,B,A,B,B,A,A,A,B,B,A,A,A,A,A,B,A,A,A,A,A,A,A,A,A,B,A,A,B
10000691,A,A,A,A,B,B,B,B,B,A,B,B,B,B,A,B,A,A,B,A,B,B,B,B,B,B,B,B,A,B,B,A,B,A,A,A,A,A,A,A
10000693,B,B,B,B,B,B,A,B,B,A,B,B,B,B,A,B,A,A,B,B,B,B,B,B,B,B,A,B,B,B,B,B,B,B,B,B,B,B,B,B
10000695,B,A,B,A,B,A,B,A,A,B,B,A,B,B,A,B,B,B,B,B,B,B,A,B,B,B,B,B,B,A,B,B,A,B,A,B,B,B,B,B
10000698,A,B,B,A,A,A,A,B,A,B,B,B,B,A,B,A,B,A,A,B,B,A,B,B,A,B,A,A,B,A,B,B,A,B,B,A,B,B,B,A
10000703,A,A,B,A,B,A,B,A,B,A,A,A,A,B,A,A,B,A,B,A,B,B,B,A,B,A,B,B,A,B,B,B,B,A,B,B,A,B,A,A
10000705,A,A,B,A,B,B,B,B,B,B,A,B,B,B,A,A,A,B,B,A,A,A,B,B,B,B,A,B,B,A,A,B,A,B,B,B,A,B,A,B
10000710,B,B,B,B,B,B,B,B,B,B,B,B,B,B,B,B,B,B,B,B,B,A,B,B,B,B,B,A,B,B,B,B,B,B,A,B,B,B,B,B
10000711,B,B,A,A,A,A,B,A,B,A,B,B,A,A,B,A,B,B,B,B,B,A,A,A,A,B,A,A,A,A,A,A,B,A,A,B,B,A,B,A
10000716,A,A,B,B,B,B,B,A,A,B,A,A,B,B,B,A,A,B,B,B,B,A,B,B,B,B,B,B,A,B,B,B,A,A,B,B,B,B,A,A
10000720,B,A,B,A,A,B,B,B,B,B,B,B,B,B,B,B,A,A,A,A,B,B,B,A,B,A,B,B,B,A,A,B,B,B,A,B,B,A,A,B
10000726,B,A,A,B,A,A,B,A,A,A,B,B,B,A,A,A,A,A,A,A,A,A,A,B,B,B,B,B,B,A,B,B,A,B,A,A,A,A,A,A
10000728,B,B,A,A,A,B,B,A,A,B,A,B,A,A,B,A,B,B,A,B,B,B,B,B,A,A,A,B,A,B,B,A,A,B,B,A,B,A,B,B
10000730,A,A,B,B,B,B,B,A,B,A,B,A,B,A,A,A,A,B,B,A,B,B,B,A,A,A,A,B,A,A,A,A,B,A,A,A,A,B,B,B
10000732,A,A,B,A,A,A,B,A,A,A,A,A,A,A,A,A,A,A,B,A,A,B,A,A,A,B,A,A,B,A,A,A,A,A,B,B,A,B,A,B
10000733,B,B,B,B,B,B,B,A,A,B,B,A,B,A,B,A,B,B,A,A,A,A,A,B,B,B,B,A,B,A,B,A,B,B,A,B,B,B,B,B
10000735,A,B,B,A,A,A,A,B,A,A,A,B,A,A,A,A,A,A,A,A,B,A,A,A,A,A,A,B,A,A,A,A,B,A,B,A,A,A,B,A
10000736,B,B,A,B,B,B,B,A,B,B,A,B,B,A,B,B,B,A,A,B,B,B,B,A,B,A,B,B,B,B,B,B,B,B,B,B,B,B,B,B
10000743,B,B,B,B,B,B,A,B,B,A,B,A,A,B,B,A,B,A,A,A,B,A,A,B,B,B,A,A,A,B,B,B,B,B,A,B,A,A,A,A
10000747,B,A,B,B,B,A,B,B,A,B,A,B,B,A,A,B,B,B,A,A,A,B,A,B,B,A,B,B,A,A,B,A,A,B,A,A,A,B,B,B
10000749,B,B,B,B,A,A,B,B,A,B,B,A,B,A,A,B,B,A,B,A,A,B,A,A,A,A,A,B,B,A,B,A,B,A,A,B,B,B,B,B
10000750,A,B,B,B,B,B,B,B,B,A,A,A,B,A,A,B,A,B,B,B,B,B,A,B,A,B,A,B,A,B,B,B,B,B,B,A,B,B,A,A
10000752,A,A,A,A,A,A,A,B,A,A,A,A,A,A,A,B,A,A,A,A,A,A,A,A,A,A,A,A,A,A,A,A,A,B,A,A,A,A,A,A
10000754,B,B,B,B,B,B,B,B,B,A,A,B,B,B,A,A,A,A,B,A,A,A,B,B,B,B,A,B,B,B,B,A,B,B,A,B,A,A,B,A
10000759,A,B,B,B,B,B,A,B,B,A,B,B,A,B,A,B,B,B,A,B,B,B,B,B,B,A,A,B,A,A,B,A,B,A,A,B,B,B,B,B
10000763,A,B,B,B,B,A,B,A,B,A,B,A,B,B,A,B,B,B,A,B,A,A,A,B,A,B,B,B,A,A,B,A,A,A,B,B,A,B,A,B
10000768,A,A,A,B,B,A,A,B,A,A,A,A,B,A,B,B,A,A,B,A,A,A,A,B,B,A,B,B,A,B,A,A,A,B,A,A,A,A,A,B
10000769,B,A,A,B,B,A,A,A,B,A,B,B,A,A,B,B,A,B,A,B,B,B,B,A,B,B,B,B,B,B,B,A,A,A,A,A,A,A,A,A
10000770,B,A,A,A,B,B,B,B,A,B,B,B,A,B,B,A,B,A,A,A,B,B,A,B,B,B,B,B,B,B,A,A,A,B,A,B,B,A,A,B
10000772,B,B,A,A,B,B,A,B,A,B,B,A,B,B,A,A,A,A,A,A,A,A,B,B,B,A,A,A,A,B,A,A,B,A,B,B,B,B,A,A
10000773,B,B,B,A,A,B,B,B,B,B,A,B,B,B,A,B,A,B,B,B,A,A,B,B,A,A,A,A,A,B,A,B,B,A,A,A,B,B,A,A
10000774,B,B,A,A,B,B,A,B,B,A,B,B,A,B,B,A,B,B,A,B,A,A,A,A,A,A,A,A,A,B,A,B,A,B,B,B,A,A,A,B
10000775,B,B,A,A,A,A,A,B,A,A,B,A,B,B,A,A,B,B,B,B,A,A,B,A,B,A,B,B,B,B,A,B,B,A,A,B,A,B,B,B
10000782,B,B,A,B,B,B,B,B,A,A,A,B,A,A,B,A,B,A,A,B,B,A,B,A,B,B,B,A,B,A,A,B,A,B,A,A,B,A,A,B
10000784,A,B,B,B,A,A,A,A,A,A,B,B,A,A,B,B,A,A,B,B,A,A,A,B,B,A,A,B,A,B,B,A,B,B,B,B,A,B,A,B
10000785,B,B,B,B,B,B,B,B,A,B,A,B,B,B,B,A,B,B,B,A,B,B,B,B,B,B,B,B,B,B,B,B,B,B,B,B,B,B,B,B
10000786,A,A,A,B,A,A,A,A,A,A,A,B,A,A,A,A,B,A,B,A,A,A,A,B,B,A,B,A,B,A,B,B,A,B,A,A,B,B,A,B
10000789,A,A,A,B,A,B,A,A,B,B,A,A,A,B,B,A,A,B,A,A,A,B,A,A,A,A,A,B,A,A,A,B,B,B,A,B,A,B,A,B
10000790,A,B,A,B,A,A,B,B,B,B,A,A,A,B,B,A,B,B,B,B,B,B,B,B,B,B,B,A,B,B,A,B,B,B,A,A,B,A,B,B
10000791,A,A,B,A,A,B,B,B,B,B,B,A,A,B,B,B,A,B,B,B,B,B,A,B,B,B,B,B,B,B,B,B,B,B,B,B,B,B,B,B
10000799,A,A,A,B,B,B,A,A,B,B,B,B,A,B,A,B,B,A,B,A,B,B,A,A,A,B,A,A,A,A,A,B,B,A,A,B,A,A,A,A
10000806,A,B,A,A,B,B,B,B,B,B,B,B,B,B,A,B,B,B,A,A,A,B,B,A,B,B,B,B,A,B,B,A,A,B,B,A,A,B,B,A
10000809,B,B,B,B,A,A,B,B,B,B,A,B,B,B,B,B,B,B,A,B,A,B,A,A,B,B,B,B,B,A,B,B,B,B,B,A,B,B,B,A
10000811,A,B,A,A,A,A,B,A,A,B,A,A,B,A,A,B,B,A,B,A,A,B,A,A,B,B,B,A,A,A,B,A,B,B,A,A,A,B,B,A
10000812,B,B,B,B,B,B,B,A,B,A,B,B,B,B,B,A,A,B,B,B,B,B,B,B,B,B,B,A,B,B,B,B,B,B,B,B,B,B,B,B
10000813,A,B,B,A,A,A,A,B,B,A,A,A,B,A,A,A,B,A,A,B,A,A,B,B,A,B,B,B,A,A,B,A,B,A,A,A,A,A,B,A
10000817,B,B,A,B,A,B,B,B,B,A,B,B,B,A,A,A,A,A,B,B,B,A,B,A,B,B,B,A,A,A,A,B,B,A,A,A,A,B,A,B
10000818,B,A,B,B,B,B,B,A,B,B,A,A,A,A,B,B,A,A,A,B,A,A,B,A,B,A,B,A,B,A,A,B,B,B,A,A,B,A,B,A
10000820,A,B,B,A,B,A,B,A,B,B,A,B,A,A,A,A,A,A,A,A,A,B,B,A,A,B,B,A,A,B,A,A,A,B,B,A,B,A,B,A
10000825,A,A,B,A,A,B,B,B,A,A,B,B,A,B,B,B,A,B,B,B,B,B,A,A,A,A,A,B,A,B,A,A,B,A,A,B,A,B,B,A
10000826,B,B,B,A,B,B,A,B,B,B,B,B,B,B,B,B,B,A,A,A,B,A,A,B,A,B,B,A,B,B,B,B,A,B,B,B,B,A,B,B
10000828,A,A,B,A,A,A,A,A,A,B,B,A,B,B,B,A,A,B,B,B,A,B,B,A,A,A,B,A,B,A,A,A,A,B,B,A,B,A,B,A
10000830,A,A,B,B,B,A,B,A,A,A,B,A,A,B,A,B,B,B,A,B,A,B,A,A,A,A,B,B,B,B,A,A,A,B,B,A,A,A,B,B
10000831,B,B,A,B,A,A,A,A,B,A,A,B,B,B,A,A,A,A,A,A,B,A,B,B,A,B,A,A,B,A,A,A,A,A,A,A,A,A,B,A
10000838,A,A,B,B,B,B,B,A,B,A,A,B,B,B,A,B,B,A,A,A,B,B,B,B,A,B,A,B,B,A,B,A,A,B,A,B,B,B,A,B
10000840,B,A,B,B,B,A,A,B,B,B,A,A,B,B,B,B,B,B,A,A,B,B,B,B,B,B,B,B,B,B,A,B,A,B,A,B,B,A,B,B
10000842,A,A,A,B,B,B,A,A,A,A,A,B,B,A,A,A,A,B,B,B,B,A,B,A,A,B,A,B,A,A,B,A,B,B,A,B,A,A,A,A
10000848,B,A,B,B,B,B,B,B,A,B,B,A,A,A,B,A,A,B,A,B,B,B,A,A,A,B,B,A,A,B,A,B,B,B,A,A,A,B,A,A
10000849,B,B,A,A,B,A,B,B,B,A,A,B,A,A,A,A,A,A,B,B,A,A,A,B,A,B,A,B,A,A,A,A,A,A,A,A,A,A,A,A
10000850,A,A,B,A,A,B,A,A,B,A,A,B,B,B,A,B,B,B,A,A,A,B,A,B,A,B,A,A,A,B,B,B,A,A,B,B,B,A,A,A
10000852,A,A,A,B,A,A,B,B,A,A,A,B,A,A,A,A,A,A,A,B,B,A,A,A,A,B,A,A,A,A,B,A,A,A,A,B,B,A,A,B
10000854,A,B,A,A,B,A,A,A,B,A,B,A,A,B,B,A,A,B,B,B,A,A,B,B,B,B,A,A,A,A,A,B,B,B,B,A,B,B,B,B
10000856,A,A,A,A,A,A,A,B,A,A,A,A,A,A,A,B,A,A,A,A,A,B,B,A,A,B,A,A,A,A,A,A,A,B,A,A,B,A,B,A
10000858,A,B,B,B,B,B,A,A,B,B,B,A,A,B,A,B,B,B,A,B,B,B,B,B,B,B,A,B,B,B,B,A,A,B,B,B,B,A,B,A
10000864,A,B,A,B,A,A,A,B,A,B,A,B,A,B,A,B,A,B,A,A,A,A,B,A,A,A,B,A,A,B,A,A,B,A,B,A,B,A,A,A
10000868,A,A,B,B,A,A,A,B,B,B,B,A,A,B,B,B,B,A,A,B,B,B,A,B,B,B,A,B,B,B,B,B,A,A,A,B,A,B,B,A
10000869,B,A,A,A,A,B,B,A,A,A,B,B,B,A,A,A,A,A,B,A,A,B,B,B,A,A,A,B,A,B,A,A,A,A,B,B,A,B,A,B
10000871,A,A,A,A,A,B,B,A,B,A,B,A,A,A,A,B,A,A,A,A,A,A,A,B,A,B,A,A,A,A,A,A,B,A,A,A,B,A,A,B
10000874,A,B,B,B,A,A,B,A,A,A,A,B,B,A,A,A,B,A,B,A,B,A,A,A,B,A,B,B,A,A,A,A,A,B,A,B,A,B,A,A
10000878,B,A,B,A,B,B,B,A,A,B,B,A,B,A,A,B,B,B,B,A,B,B,B,A,A,A,B,B,A,B,B,B,A,A,B,A,A,B,B,B
10000880,A,A,B,A,B,A,A,B,B,A,B,B,B,B,B,A,B,B,B,B,B,A,B,A,B,A,B,B,B,A,B,B,B,A,B,B,A,B,B,B
10000882,B,A,A,A,A,B,A,B,B,A,A,A,A,B,A,B,A,A,B,B,B,A,A,A,B,A,A,A,B,B,A,A,A,B,A,B,A,B,B,B
10000883,B,B,A,B,B,B,B,B,B,B,B,B,B,B,B,B,A,A,B,B,B,B,B,B,A,B,B,B,B,B,B,B,A,A,B,B,B,B,B,A
10000892,A,B,A,A,A,A,B,A,B,A,A,A,B,B,A,B,A,B,A,B,A,A,B,B,B,A,A,A,A,B,B,B,A,A,B,A,A,B,A,A
10000896,B,A,B,A,B,B,A,A,B,B,B,A,A,B,B,B,A,B,B,A,B,A,B,A,A,B,B,B,B,A,B,B,B,B,B,A,B,B,B,B
10000897,A,B,B,B,A,A,A,A,A,B,B,A,A,B,B,A,B,B,A,A,B,B,B,B,A,A,A,B,A,B,A,B,A,B,B,B,B,A,B,A
10000898,B,A,A,B,A,B,B,A,A,A,A,B,A,A,B,B,A,B,A,A,A,A,B,A,B,B,A,A,A,B,A,A,A,B,B,A,A,B,A,A
10000899,A,B,A,B,A,B,B,B,A,A,A,A,B,B,B,B,A,B,B,A,A,B,A,A,B,B,A,A,A,A,A,B,B,A,B,A,A,B,A,A
10000900,A,B,B,A,A,B,A,B,B,A,B,B,B,B,B,B,B,A,B,A,A,A,B,B,A,A,B,A,B,B,B,A,A,B,A,B,A,B,B,A
10000901,A,A,A,A,B,B,A,B,A,A,A,B,A,B,A,A,B,B,B,A,A,A,A,A,B,A,A,B,B,B,A,B,B,B,B,B,B,B,A,B
10000905,B,A,B,A,B,A,A,A,A,A,B,A,B,B,A,A,B,B,B,B,A,A,A,A,A,A,B,B,A,B,A,A,B,A,A,A,A,A,B,A
10000911,B,B,B,B,A,B,B,B,B,B,B,A,B,B,A,A,B,A,A,A,B,B,B,A,A,B,A,A,B,B,B,B,B,A,B,A,A,A,A,B
10000912,A,B,B,A,B,B,B,A,B,B,B,B,A,B,B,B,A,A,A,B,A,B,B,B,B,B,B,A,A,A,B,B,B,B,A,B,A,A,B,B
10000913,B,A,B,B,B,A,A,B,A,A,B,B,A,A,B,B,B,A,B,A,B,B,A,A,B,B,B,A,A,A,B,A,A,B,B,B,A,A,B,A
10000915,B,A,B,B,B,A,B,A,A,A,A,B,A,B,A,B,B,B,A,B,A,B,A,A,B,A,A,B,B,A,B,B,B,A,A,B,B,A,A,B
10000925,A,A,B,A,B,B,B,B,B,A,A,A,A,B,B,A,B,B,A,B,B,A,B,B,B,A,B,B,A,A,A,A,B,A,A,A,B,B,B,A
10000927,B,B,B,A,B,A,B,A,B,B,B,B,A,B,A,A,B,A,A,B,B,A,B,B,A,A,A,B,A,A,A,A,B,B,A,B,B,B,A,B
10000928,A,B,B,B,A,A,A,A,A,A,A,A,B,B,A,B,A,A,A,A,A,A,A,A,A,B,A,B,B,A,B,A,B,B,A,A,B,A,A,B
10000931,B,A,A,A,B,B,B,B,B,B,B,A,A,A,B,A,A,A,A,A,B,A,A,A,A,A,A,B,B,B,A,B,B,B,A,A,B,B,A,A
10000937,A,B,B,A,B,A,B,B,B,A,B,A,A,B,B,B,B,A,A,A,B,A,B,B,A,B,A,B,B,A,B,B,A,B,B,A,A,B,B,A
10000939,A,A,A,A,A,B,B,A,A,A,A,A,A,A,B,B,A,B,A,B,A,B,A,A,A,A,B,A,B,B,B,B,A,A,A,B,A,A,B,A
10000941,A,A,A,A,B,A,A,A,A,A,A,A,A,B,A,A,A,A,B,A,A,B,B,A,B,B,B,B,B,A,A,A,B,A,A,A,A,A,B,A
10000942,,,,,,,,,,,,,,,,,,,,,,,,,,,,,,,,,,,,,,,,
10000949,A,A,B,A,A,B,B,B,B,B,A,B,B,B,A,A,B,B,B,A,B,B,A,A,B,B,B,B,B,B,B,A,B,B,A,A,A,A,B,A
10000950,A,A,A,B,B,A,B,A,B,B,A,B,A,B,B,A,B,B,A,A,A,B,B,A,A,A,B,A,B,B,A,A,A,A,A,B,A,B,B,B
10000952,B,B,B,B,B,B,A,B,B,B,A,B,B,B,A,B,B,A,A,B,B,A,B,B,B,B,B,B,B,B,B,A,B,B,B,B,B,B,B,B
10000953,B,B,A,A,B,B,B,B,B,B,B,A,B,B,B,B,A,A,B,B,B,B,B,B,A,B,A,B,B,B,B,B,B,B,B,B,B,B,A,B
10000955,A,B,A,A,B,A,A,B,B,B,B,B,B,A,B,A,A,A,B,A,B,A,B,B,B,B,B,B,B,A,B,B,B,B,B,B,B,A,A,B
10000963,A,A,A,A,A,A,A,B,B,A,B,A,B,B,A,A,B,B,A,B,B,A,B,A,B,A,B,A,B,B,A,A,B,A,B,A,B,B,A,B
10000969,A,B,B,B,B,B,A,B,A,B,A,B,B,B,B,A,A,B,B,A,B,B,B,A,B,B,B,B,B,B,A,B,A,B,B,B,A,B,B,A
10000975,A,A,A,B,A,B,B,B,A,A,A,A,A,A,B,A,B,A,A,B,B,A,B,A,A,A,A,A,A,B,B,A,B,A,A,B,A,B,A,A
10000981,B,A,A,A,B,A,B,B,B,B,B,B,B,B,B,A,B,A,B,B,B,B,B,A,A,B,A,B,A,B,B,B,A,B,B,B,B,A,A,B
10000983,A,A,A,A,A,B,A,A,A,A,A,B,A,A,B,B,B,A,A,A,B,B,A,B,A,B,A,A,B,A,A,A,A,A,A,A,A,A,B,A
10000987,B,B,A,B,A,B,B,B,A,B,B,B,B,B,A,A,B,A,B,A,B,B,A,B,B,A,B,A,B,B,B,B,A,A,B,B,B,A,A,B
10000988,A,B,B,B,A,A,B,B,A,A,B,B,B,B,A,B,A,A,A,B,A,B,B,B,A,A,B,B,B,B,B,A,B,B,B,B,B,B,B,B
10000992,A,A,B,B,A,B,B,B,B,B,A,A,A,A,A,B,A,B,A,A,B,A,A,B,B,B,B,A,A,A,B,A,B,B,A,B,B,B,B,B
10000995,A,A,A,A,B,A,A,B,A,B,B,B,A,B,B,B,A,A,A,B,B,A,B,A,B,B,B,A,B,A,A,A,A,A,A,B,A,A,B,A
10001000,B,B,B,A,B,B,A,B,B,B,B,B,B,A,B,A,B,B,B,A,B,B,A,B,A,B,B,B,B,A,B,B,B,B,A,A,B,B,B,A
10001001,B,B,A,B,B,A,B,B,B,B,B,B,A,B,B,B,A,A,B,B,A,B,A,B,B,B,B,B,B,A,B,B,A,B,B,B,A,A,B,A
10001011,B,A,B,B,B,A,B,B,B,B,B,A,B,B,B,B,B,B,B,B,B,B,B,B,B,B,B,B,B,B,B,B,B,B,A,A,B,A,B,B
10001015,B,A,A,B,B,A,A,B,B,B,B,B,B,B,B,B,A,B,B,B,A,B,A,A,B,A,B,B,B,A,A,A,A,B,B,B,A,A,A,B
10001017,B,B,A,B,B,A,B,B,B,B,A,B,B,B,B,B,B,B,B,B,A,B,A,B,B,B,B,A,B,A,B,B,B,B,B,B,B,B,B,B
10001018,A,B,B,B,A,B,A,B,B,B,A,A,B,A,A,A,B,B,A,B,B,B,B,B,A,B,B,B,B,B,B,A,A,A,B,B,A,B,A,A
10001022,B,A,A,A,A,A,A,B,B,B,B,A,B,A,A,B,A,A,B,B,B,A,A,B,A,A,A,B,A,B,A,A,B,B,B,A,A,B,A,A
10001023,A,A,B,B,A,B,A,A,B,B,A,B,A,B,A,B,B,B,A,A,B,A,B,B,B,B,A,A,B,B,B,A,A,A,A,A,B,A,A,A
10001032,B,B,A,B,B,B,B,B,B,B,B,B,B,B,B,B,B,B,B,B,A,B,A,B,B,B,B,B,B,B,B,B,B,B,B,B,B,A,B,B
10001034,A,A,B,B,B,B,B,B,B,B,B,B,B,A,B,B,B,B,B,B,B,A,B,B,B,B,B,A,B,B,B,B,B,B,A,B,A,B,B,A
10001035,A,A,B,A,B,A,B,A,B,A,B,A,B,A,B,B,A,A,A,A,A,A,A,A,A,A,A,A,A,A,A,A,A,A,A,B,A,B,A,B
10001040,A,A,B,B,A,B,B,A,B,B,A,B,A,B,A,A,B,B,A,A,A,B,A,B,A,A,A,A,A,A,A,A,B,A,B,B,A,B,B,B
10001042,A,A,A,A,A,B,A,A,A,A,B,A,A,A,A,A,B,A,B,A,A,A,A,A,B,A,A,A,A,B,A,A,A,A,A,A,A,A,A,A
10001043,B,A,B,B,B,B,B,B,B,B,B,B,B,A,B,B,B,B,B,B,B,A,B,A,B,B,B,B,B,B,B,A,B,B,B,B,B,B,B,A
10001044,A,A,A,B,A,A,A,A,B,B,B,A,B,A,B,A,A,A,A,B,B,A,A,A,B,A,A,A,B,B,A,A,A,A,A,B,A,A,A,A
10001048,B,B,A,B,A,B,A,B,B,B,B,B,B,B,B,B,B,B,B,B,B,A,B,A,B,B,B,B,B,B,B,B,B,B,B,B,B,A,B,B
10001049,B,B,A,A,B,B,B,B,B,A,A,B,A,B,B,B,B,B,B,A,B,A,A,B,B,B,A,B,B,B,B,B,B,A,B,B,B,B,A,B
10001054,B,A,A,B,B,B,A,B,A,B,A,B,B,B,B,B,B,B,B,A,B,B,B,A,A,B,B,B,A,A,A,B,B,B,A,A,B,B,B,B
10001059,A,A,B,B,A,A,B,A,B,B,A,B,A,B,A,B,A,B,A,A,A,B,B,B,B,A,B,B,A,B,B,A,B,B,B,B,A,B,B,B
10001063,B,B,B,B,A,B,B,A,A,B,A,A,A,A,B,B,B,B,A,A,B,B,B,B,B,B,B,B,A,B,B,A,A,B,B,B,B,B,A,B
10001067,A,A,A,B,B,B,A,A,B,B,A,A,B,B,B,B,B,A,A,A,B,A,A,A,B,A,B,A,B,B,A,A,A,B,B,A,A,B,A,A
10001068,A,B,B,B,A,B,B,B,B,B,A,A,B,B,A,A,B,A,A,A,B,B,A,B,B,B,B,A,B,B,B,B,A,B,B,B,B,B,A,A
10001071,A,A,A,B,A,B,B,B,B,A,A,B,B,A,B,B,B,B,B,B,B,B,A,B,B,B,A,B,A,A,B,A,B,B,B,B,A,B,B,B
10001072,B,A,B,B,B,A,B,A,A,B,B,B,A,B,B,B,A,A,B,B,A,B,B,A,B,A,A,A,A,A,A,A,A,B,B,A,B,A,B,B
10001078,B,A,B,A,B,B,B,A,A,A,B,A,B,A,A,B,B,A,B,A,B,B,B,B,A,B,B,B,B,A,B,A,B,A,B,B,B,B,B,B
10001080,A,A,B,B,B,B,B,B,B,A,B,B,B,B,B,B,B,B,A,A,B,B,A,B,A,A,B,B,A,A,A,A,B,B,B,A,B,B,A,B
10001084,A,B,A,B,A,A,B,A,A,A,A,B,A,B,B,A,A,B,B,B,A,B,B,B,B,A,A,A,A,A,B,B,A,B,A,A,A,A,A,A
10001086,B,B,B,B,A,B,B,B,B,A,B,A,B,B,B,A,B,A,B,B,B,A,A,B,A,A,B,A,A,A,B,B,B,A,B,A,A,B,B,B
10001087,B,B,A,A,A,A,B,A,B,B,B,A,A,A,A,A,A,B,A,A,A,B,B,A,A,B,B,A,A,A,A,B,B,A,A,A,B,B,A,B
10001090,A,B,A,B,B,B,A,B,B,A,B,B,A,A,B,A,A,A,A,B,B,A,A,B,A,B,B,B,A,A,A,A,B,A,A,A,A,A,A,A
10001093,B,B,B,B,B,B,A,B,B,A,B,B,B,B,A,B,A,A,B,B,B,B,A,B,B,A,B,A,B,B,B,A,B,B,B,B,B,B,B,B
10001095,B,A,B,A,A,B,A,B,B,B,B,A,A,B,B,A,B,B,B,A,B,B,B,B,B,B,A,B,A,B,B,B,A,B,B,A,B,B,B,B
10001097,A,B,B,B,A,B,A,B,B,B,A,B,B,B,B,B,B,A,A,B,B,B,B,B,B,A,B,B,B,B,A,B,B,B,B,B,B,B,A,B
10001107,B,A,A,B,B,A,B,B,A,B,B,B,A,A,A,B,B,A,B,B,B,A,B,B,B,B,B,B,A,A,B,B,B,B,B,B,A,B,A,A
10001115,A,B,A,A,A,A,A,A,A,A,B,B,B,B,A,B,A,A,B,A,A,A,B,B,B,A,A,A,B,A,A,A,A,B,B,A,A,B,B,B
10001116,A,B,B,A,B,B,A,B,A,B,A,B,A,B,B,B,A,B,A,B,A,A,A,B,A,A,A,B,A,A,A,B,B,A,A,B,B,B,A,A
10001117,A,B,B,B,B,B,B,B,B,B,B,B,B,B,B,B,B,B,A,B,B,B,A,B,B,A,B,B,A,B,A,A,B,A,B,A,B,B,B,A
10001118,A,B,B,B,B,B,B,B,B,B,A,B,B,A,A,A,A,B,B,A,A,B,A,A,B,A,B,B,A,A,A,B,B,A,A,B,A,A,B,A
10001119,B,A,B,B,B,B,B,B,B,B,B,B,A,A,A,B,B,B,A,A,B,A,A,B,B,B,B,B,B,A,B,B,A,B,B,B,B,B,B,B
10001124,A,A,B,A,B,A,A,A,A,A,A,A,B,B,B,A,B,B,A,B,B,B,B,B,A,A,A,B,A,A,A,A,B,B,B,B,B,A,A,B
10001125,B,B,A,A,A,B,B,A,B,A,B,B,B,B,B,B,B,A,A,B,B,B,B,B,B,A,B,B,B,A,B,B,B,B,A,A,B,A,B,A
10001128,A,B,B,A,B,B,A,A,A,B,B,B,A,B,B,B,B,A,B,A,B,A,A,B,B,A,B,B,A,B,B,B,A,A,A,A,B,B,A,B
10001133,B,B,A,A,A,A,B,A,A,A,B,B,B,A,A,A,B,B,B,B,A,B,A,A,B,B,B,B,B,A,A,A,B,B,A,B,B,B,A,B
10001135,B,B,B,A,B,A,A,B,B,A,B,A,B,B,B,B,B,B,B,B,B,B,B,B,B,A,B,B,A,B,B,B,B,B,A,B,B,B,A,A
10001138,B,A,B,B,B,B,B,A,B,B,B,A,B,B,B,B,A,A,A,B,B,A,A,B,B,A,B,B,B,A,B,A,B,A,B,B,A,A,B,A
10001145,B,A,B,B,A,A,A,B,B,A,A,A,B,B,B,A,A,B,B,A,A,A,B,A,A,B,A,A,A,A,A,A,A,A,A,B,B,A,B,B
10001146,A,B,B,B,B,B,B,A,A,A,B,A,B,B,B,B,A,A,A,B,B,A,A,B,B,B,B,A,A,B,B,A,B,B,B,B,A,A,A,B
10001150,B,A,A,B,A,B,B,A,A,B,A,B,A,A,B,A,B,A,B,B,B,A,A,B,A,B,A,A,A,A,B,A,B,B,B,B,B,A,A,A
10001152,A,B,A,A,B,B,B,A,A,B,B,B,A,A,A,B,A,B,B,A,B,A,B,A,B,B,A,B,A,A,B,A,A,B,B,A,A,B,B,B
10001156,B,A,B,B,A,A,B,A,A,B,A,A,A,B,B,A,B,B,A,B,B,B,A,A,B,B,B,B,B,A,B,B,A,A,B,B,A,B,A,B
10001158,A,A,B,A,A,B,A,B,B,B,A,B,A,A,A,B,A,B,B,A,B,B,B,A,B,A,B,B,A,A,A,A,B,B,A,A,B,A,B,B
10001159,B,B,A,A,B,A,B,B,A,A,B,B,B,A,A,A,A,B,B,A,B,B,A,A,A,A,A,A,A,B,B,B,B,B,B,A,A,B,A,B
10001161,B,A,A,B,B,A,B,B,A,B,A,A,B,B,A,B,B,B,B,A,B,A,B,B,B,B,B,B,B,B,B,A,A,B,B,B,A,A,B,B
10001166,B,B,B,B,B,A,A,A,B,B,B,A,A,B,B,B,B,B,B,A,B,B,B,A,B,B,B,B,B,B,B,B,B,A,B,B,B,B,A,A
10001167,B,A,B,A,B,A,B,A,A,B,A,A,A,B,A,B,A,A,B,A,A,A,A,B,B,A,A,A,B,A,A,A,B,B,A,A,B,B,A,B
10001172,A,B,A,A,A,A,B,A,B,B,B,B,B,A,A,B,B,B,B,A,A,A,B,B,B,A,A,B,B,A,A,B,B,B,B,A,A,A,A,A
10001173,B,A,A,A,B,A,A,A,B,B,B,A,A,B,B,B,A,B,A,A,B,B,B,A,A,B,A,A,B,B,A,A,B,A,A,B,B,A,B,A
10001174,B,A,B,A,A,A,A,B,A,B,A,A,B,A,B,B,A,B,A,A,A,A,A,A,A,B,A,A,A,A,A,B,A,A,A,A,A,A,B,B
10001177,A,B,B,A,B,A,B,B,B,B,A,B,B,B,B,B,B,B,B,B,A,B,B,B,B,A,A,B,B,A,B,A,B,A,B,B,A,B,A,A
10001180,A,B,B,A,A,B,A,A,A,B,B,B,A,A,A,B,B,B,A,A,A,A,B,B,B,B,A,A,A,A,B,B,A,A,A,A,A,A,B,A
10001184,A,B,B,B,B,A,B,B,B,B,B,B,A,B,B,B,A,B,A,B,A,A,B,B,A,A,B,B,B,B,B,A,B,A,B,B,B,A,A,B
10001187,B,B,B,B,B,B,B,B,B,B,B,B,B,B,A,B,B,A,A,B,A,B,A,B,B,B,A,B,B,A,B,B,B,A,A,B,B,B,A,B
10001189,B,B,A,A,B,A,B,B,A,B,B,B,B,B,A,B,A,A,A,B,B,A,A,B,B,B,A,B,A,B,B,A,A,B,B,B,B,B,A,A
10001191,A,B,B,A,B,A,B,B,A,A,A,B,B,A,B,B,A,A,A,B,B,A,B,A,A,B,A,B,A,B,B,B,B,A,B,A,B,B,B,A
10001194,B,B,B,B,B,B,A,B,B,B,B,B,B,B,B,B,B,B,B,B,A,B,B,B,B,B,B,A,A,B,B,B,B,B,B,B,B,B,B,B
10001198,B,A,B,A,A,B,B,B,B,B,B,A,A,A,A,B,B,A,B,A,B,B,A,B,A,A,A,B,A,B,B,B,B,B,B,B,B,A,B,B
10001201,B,A,B,A,A,B,B,A,B,B,B,A,B,B,A,B,B,A,B,B,A,B,B,A,A,A,A,B,A,B,A,A,B,B,B,A,A,A,B,A
10001205,A,A,A,B,B,B,A,B,B,B,A,B,A,A,B,B,A,A,B,B,A,B,B,A,A,B,A,B,B,B,A,B,B,A,A,B,A,A,B,A
10001207,B,A,A,A,B,A,B,A,B,A,B,A,B,A,A,A,B,A,A,B,B,A,A,A,B,A,A,A,A,A,A,A,A,B,A,A,A,A,B,B
10001208,B,A,A,B,B,A,B,B,B,A,B,A,B,B,A,B,A,B,A,B,A,A,A,A,A,A,B,A,B,A,B,B,A,A,A,B,A,B,B,B
10001211,A,B,B,B,B,B,A,B,A,A,A,A,B,A,A,A,A,A,B,B,B,A,B,A,A,A,B,A,B,B,A,B,B,A,A,B,B,B,A,A
10001217,B,B,A,B,B,A,B,B,A,B,A,A,B,A,A,B,B,B,A,B,A,B,A,A,B,A,A,B,B,B,A,A,B,B,B,A,B,B,B,B
10001220,B,B,B,A,A,B,B,B,B,B,B,B,A,B,B,B,B,B,A,A,A,B,A,B,A,B,B,B,A,A,A,A,B,B,A,B,B,B,A,A
10001225,A,B,A,B,A,A,A,B,A,B,A,B,B,A,B,A,B,B,A,A,B,A,A,A,A,A,A,B,A,A,A,A,A,A,B,B,B,A,A,A
10001226,A,B,A,A,A,A,A,B,B,B,A,B,B,B,A,A,B,B,A,A,A,A,B,A,A,B,A,B,B,B,B,B,B,A,A,B,B,A,A,A
10001227,A,B,B,B,B,B,B,B,B,B,B,B,A,B,B,B,B,A,B,B,B,A,A,B,B,B,B,B,A,B,B,B,B,B,A,B,B,B,B,B
10001228,B,B,B,A,B,B,B,B,B,B,B,B,A,B,A,B,B,B,B,B,A,B,A,A,B,B,B,A,B,B,B,B,B,B,B,B,A,A,B,B
10001231,B,B,B,B,A,B,B,A,B,A,B,B,B,B,A,A,B,A,B,B,A,A,B,B,A,B,B,B,A,B,B,B,B,B,A,A,A,A,B,B
10001232,B,A,B,A,A,A,B,B,A,A,A,B,A,B,A,B,A,B,A,A,B,B,B,A,B,B,B,B,A,A,A,A,B,A,A,B,A,A,A,B
10001233,A,B,B,B,A,B,B,A,B,A,A,A,A,B,A,A,B,B,B,A,A,B,A,A,A,B,B,A,B,B,A,B,A,B,A,B,B,A,B,B
10001235,B,B,B,A,B,B,B,B,B,B,B,B,B,B,A,B,B,B,A,B,B,B,B,B,B,B,B,B,B,A,B,B,B,B,A,B,B,B,B,B
10001238,B,B,B,B,A,B,B,B,B,B,B,B,A,B,A,B,B,B,A,B,A,B,A,B,A,B,B,A,A,B,A,A,A,A,B,B,A,B,B,B
10001242,B,A,B,A,B,B,B,B,A,A,A,B,A,B,A,A,B,A,B,B,B,B,B,A,B,B,B,B,B,A,B,A,A,B,A,A,A,A,B,B
10001246,B,A,B,A,A,B,B,A,B,A,A,A,A,B,A,B,A,A,A,A,B,B,B,B,A,B,B,B,B,A,B,A,A,A,B,A,A,A,A,B
10001250,A,A,B,A,B,A,B,B,B,A,B,A,A,A,B,A,A,B,B,B,A,A,A,A,B,B,B,A,A,B,A,A,A,A,A,B,A,A,B,A
10001257,B,A,B,B,B,A,B,A,A,A,A,B,A,B,A,B,A,B,B,B,B,B,B,B,B,B,B,B,A,B,A,A,B,B,B,A,B,A,A,A
10001258,B,B,B,A,B,B,B,B,B,A,B,B,B,B,A,A,B,B,B,B,A,B,B,B,B,B,B,B,A,B,B,A,A,B,B,A,A,A,A,A
10001259,B,B,B,B,B,B,B,B,B,B,B,B,B,A,A,B,B,B,A,B,A,A,B,A,B,A,B,B,B,B,B,A,B,B,B,B,A,B,B,A
10001262,B,A,B,B,B,B,B,B,B,B,A,A,B,A,B,B,B,A,A,B,A,B,A,B,A,A,B,B,B,B,B,B,B,B,A,B,B,A,B,A
10001263,B,A,A,B,B,A,A,B,A,B,B,B,B,B,B,A,A,B,B,B,B,B,B,B,B,A,B,B,A,B,B,A,B,A,B,B,A,B,B,B
10001267,A,B,B,A,B,B,A,A,B,B,A,A,A,B,A,A,B,B,B,B,A,A,A,A,B,A,A,A,B,A,A,B,A,A,B,A,A,A,B,A
10001269,B,B,B,A,B,B,B,A,B,B,B,A,A,B,B,A,B,B,B,B,B,A,A,A,B,A,A,B,B,B,B,B,A,B,B,B,B,B,A,B
10001272,B,B,B,B,A,B,B,A,A,A,B,A,B,B,A,B,B,A,A,A,A,A,B,A,B,B,A,A,B,B,A,A,A,B,B,B,A,B,B,A
10001273,A,B,B,B,B,B,B,A,B,B,B,B,B,B,B,B,B,B,A,A,B,A,B,B,B,B,B,A,B,B,B,A,B,B,B,B,B,B,B,B
10001275,A,B,A,A,B,A,B,A,B,B,B,B,A,B,A,B,A,B,A,A,B,B,B,B,B,B,B,A,A,A,A,A,B,A,B,B,B,A,B,B
10001277,A,A,A,B,B,A,B,A,B,A,B,A,A,A,B,B,B,A,B,B,A,B,B,B,B,A,B,B,B,A,B,B,A,B,B,A,A,B,B,A
10001279,B,B,A,B,A,B,B,A,A,A,A,B,B,B,B,B,B,B,B,B,B,B,A,B,A,B,B,A,B,B,B,B,A,A,B,B,A,B,B,B
10001280,B,B,A,A,A,B,B,B,A,B,B,A,A,B,A,B,A,B,A,B,A,A,B,B,A,B,B,B,B,A,A,B,A,B,A,A,B,B,B,B
10001287,A,A,A,B,A,A,B,B,A,A,A,A,A,A,A,A,A,B,A,A,A,A,A,B,A,A,A,B,A,B,A,A,A,A,B,B,B,A,A,A
10001291,B,A,B,B,B,B,A,B,B,A,B,A,B,A,A,A,B,B,B,B,A,B,A,B,B,A,A,A,A,B,A,B,B,B,B,B,A,B,B,A
10001294,A,B,A,B,B,B,B,B,A,B,B,A,B,B,A,B,B,B,A,A,A,A,B,B,B,B,B,B,B,B,B,B,B,B,B,B,B,B,B,A
10001296,A,A,B,B,B,A,A,A,A,B,B,A,B,B,B,A,A,B,B,B,B,A,B,A,A,B,B,B,B,B,B,B,B,B,B,A,A,A,B,A
10001300,B,A,A,B,B,A,A,A,A,A,A,B,B,B,B,A,B,B,B,B,B,B,B,B,A,B,B,A,A,B,B,A,B,A,B,A,B,A,A,B
10001301,B,B,A,B,B,A,B,B,B,B,A,A,A,B,A,B,B,B,A,A,B,B,B,A,B,B,A,A,B,B,B,A,B,B,B,B,B,B,B,A
10001304,A,B,B,A,B,B,A,A,B,A,A,B,B,A,A,B,B,B,A,B,B,A,B,A,B,B,B,A,A,A,B,B,B,B,B,B,B,A,B,B
10001312,A,A,B,A,B,A,B,B,B,A,A,A,A,A,A,A,B,A,B,B,B,A,B,A,B,B,A,B,B,B,A,B,B,B,B,B,A,A,B,B
10001314,A,B,A,A,A,B,A,B,B,B,A,A,A,B,A,A,A,A,B,A,A,A,A,A,A,A,A,A,A,A,B,A,A,A,A,A,A,A,B,B
10001318,B,A,A,B,B,A,A,B,A,B,A,A,B,B,B,B,A,A,B,A,A,A,A,A,A,A,B,A,B,B,B,B,A,B,A,A,A,B,B,A
10001322,A,B,B,A,B,B,A,B,B,B,B,B,B,B,B,A,B,A,B,B,A,B,B,B,B,A,B,B,A,B,B,B,B,B,B,A,B,B,B,B
10001323,B,A,B,B,A,B,A,B,B,B,A,B,B,A,A,A,B,A,A,B,B,B,A,B,A,B,B,A,B,B,A,B,A,A,B,B,A,B,A,B
10001324,B,B,A,A,A,A,A,B,A,B,B,B,B,A,A,B,B,A,B,A,A,B,A,A,A,A,B,B,A,B,B,B,B,A,B,A,B,B,B,A
10001337,A,B,A,A,A,A,A,A,A,B,A,A,A,A,A,A,A,A,A,B,A,A,B,B,A,A,A,A,A,B,A,A,B,B,B,A,A,A,A,A
10001343,B,A,B,B,B,B,B,B,B,B,A,A,A,B,B,B,B,B,B,B,A,B,B,B,A,A,B,A,A,B,A,B,B,A,A,B,A,B,A,B
10001346,B,B,B,B,B,B,B,B,B,B,B,B,B,A,B,B,B,A,A,A,B,A,A,A,B,B,A,A,A,A,B,B,B,B,A,B,A,A,B,B
10001347,B,A,A,A,A,A,B,A,B,A,A,B,A,B,A,A,A,A,A,A,B,B,A,B,A,B,B,B,B,A,B,B,B,B,A,B,A,A,A,A
10001356,B,A,A,B,A,A,A,B,B,A,B,B,B,A,A,B,A,B,A,B,A,B,A,A,A,A,A,A,B,B,A,B,A,A,A,B,B,A,B,A
10001360,A,A,A,A,A,A,B,B,B,A,B,A,B,A,A,A,A,A,B,B,A,A,B,A,A,B,B,B,B,B,A,A,B,B,A,B,A,B,B,A
10001361,A,B,B,A,B,A,A,B,B,B,B,B,B,B,B,B,A,B,B,B,B,A,B,B,B,B,B,B,B,B,A,B,B,B,B,B,B,B,B,B
10001365,A,A,B,B,A,A,B,B,B,A,A,A,B,B,B,A,B,B,B,A,A,A,B,B,B,A,B,B,A,B,A,A,A,A,B,B,A,B,B,A
10001367,B,B,B,B,A,A,A,B,B,B,B,B,B,B,B,B,B,B,B,A,B,B,B,B,A,B,B,B,B,B,B,B,B,A,B,B,B,B,B,B
10001368,B,A,A,A,A,B,A,B,B,A,B,B,B,B,A,B,B,A,B,A,B,B,A,A,B,A,B,B,B,A,B,B,A,A,B,B,B,B,B,B
10001372,B,A,A,B,B,A,A,B,B,A,A,B,A,B,B,A,B,A,B,B,A,B,A,A,A,B,B,A,A,A,A,A,A,A,A,B,B,B,B,A
10001376,B,A,A,B,B,B,B,A,A,A,B,A,B,A,B,A,A,A,B,B,A,B,B,A,A,B,B,A,B,B,B,A,B,A,B,A,A,B,A,B
10001378,A,A,A,B,B,B,A,A,A,A,B,A,A,B,A,A,B,B,A,A,B,B,A,A,B,B,B,B,B,B,B,A,B,B,B,A,A,A,B,B
10001379,A,B,B,B,A,A,B,A,B,B,B,A,A,B,B,A,A,A,A,B,B,A,B,A,A,B,B,A,A,B,B,A,A,A,A,B,B,B,A,A
10001383,A,A,B,A,B,A,A,B,B,B,B,B,A,B,B,B,A,B,A,B,A,B,A,B,B,A,B,B,A,B,B,B,A,B,B,A,B,A,B,A
10001385,B,B,B,B,B,B,A,A,A,B,B,B,A,A,B,B,B,A,B,B,A,B,B,A,B,B,B,A,A,A,B,B,A,B,A,B,B,B,B,B
10001389,B,B,B,A,B,B,A,A,B,A,A,A,B,B,A,A,A,A,B,B,A,A,B,A,B,B,A,A,B,A,A,A,B,B,A,B,A,A,B,A
10001392,A,B,A,B,A,A,A,A,A,A,A,A,A,B,A,B,A,A,A,A,A,A,B,A,B,A,B,A,A,B,B,A,A,A,B,A,B,B,A,A
10001398,A,B,A,A,A,A,B,B,B,A,A,A,B,B,A,B,B,A,A,A,A,A,B,A,A,A,A,A,A,A,A,A,B,A,A,A,A,B,A,B
10001400,B,A,B,A,B,A,A,B,A,B,B,A,A,A,B,A,A,B,B,A,B,B,B,B,A,A,B,B,A,B,A,B,B,B,A,B,A,A,B,A
10001403,A,B,B,A,A,B,A,B,A,A,A,B,A,A,B,A,B,B,A,B,A,B,B,B,B,B,B,B,B,A,B,B,B,B,A,B,A,B,A,B
10001404,A,A,B,B,A,A,B,B,A,A,B,B,B,B,B,B,A,B,A,A,B,B,B,B,A,A,A,B,A,B,B,B,A,A,B,B,B,B,B,B
10001413,A,A,A,B,A,A,B,B,B,B,A,A,B,A,A,B,A,A,A,A,A,A,B,A,A,A,B,B,A,A,B,A,B,B,B,B,B,A,B,A
10001417,A,B,B,B,B,B,B,B,B,B,A,B,A,B,A,B,A,A,B,B,A,B,B,A,A,B,B,B,B,A,A,B,A,B,B,A,B,A,B,B
10001425,A,A,A,B,A,A,B,B,A,A,A,A,A,A,B,A,A,B,B,A,A,B,A,A,A,A,B,B,A,B,B,B,A,B,B,A,A,B,A,A
10001428,B,B,A,A,A,B,A,B,A,B,B,A,A,A,A,B,B,A,B,B,B,A,B,A,A,A,B,B,A,B,B,B,B,A,B,B,B,B,A,A
10001432,B,B,B,B,A,B,A,B,A,B,A,B,B,B,B,B,B,A,B,B,A,A,B,A,B,B,B,A,B,A,B,B,B,B,B,A,A,B,B,B
10001433,B,B,A,A,A,A,A,A,B,A,A,A,A,A,A,A,A,A,B,A,A,A,B,B,A,A,A,A,B,A,A,A,B,A,A,B,B,B,B,B
10001437,B,B,A,A,B,B,A,B,A,B,B,B,B,B,B,B,B,B,B,B,A,A,B,B,B,B,A,A,B,B,A,A,B,B,A,B,A,A,A,B
10001440,A,B,B,B,A,A,B,B,B,B,B,B,B,B,B,B,A,A,A,B,A,A,A,A,A,B,A,B,A,B,A,B,B,B,B,A,A,B,A,A
10001442,A,B,A,A,B,B,B,B,B,B,B,A,B,B,B,B,B,B,A,B,B,A,B,B,B,B,B,A,B,B,A,A,B,B,A,A,A,A,B,B
10001444,A,A,B,B,A,B,A,A,B,A,A,B,B,B,B,A,B,A,A,B,A,A,B,B,B,B,A,B,B,B,B,B,B,A,B,A,B,B,B,B
10001446,B,A,A,B,B,B,A,B,A,A,A,A,A,A,A,A,A,A,A,B,A,A,A,A,A,A,B,A,A,B,B,A,B,A,B,A,A,A,A,B
10001447,B,B,A,A,A,A,A,B,A,B,A,A,B,B,B,A,A,A,B,A,A,B,A,B,A,A,B,B,A,B,A,B,A,A,B,A,B,B,B,A
10001450,A,A,A,B,A,A,A,B,B,B,A,A,A,B,A,A,B,A,A,B,A,B,A,A,B,A,A,B,B,A,A,B,A,B,A,A,A,B,B,A
10001455,A,B,B,A,A,A,B,A,B,A,A,A,A,A,A,B,A,A,A,A,A,B,A,B,A,A,A,A,A,A,A,B,B,A,B,A,A,A,A,A
10001457,B,A,A,B,A,B,A,A,B,A,A,B,B,B,A,B,B,B,B,A,A,A,B,B,B,B,B,B,B,B,A,B,A,A,A,A,B,B,B,B
10001459,B,B,B,A,A,B,B,B,B,B,A,B,B,B,A,B,B,B,B,B,B,B,B,B,B,A,B,A,A,A,B,B,B,A,B,B,B,B,B,B
10001460,B,A,B,A,B,B,B,B,B,A,B,B,A,B,A,B,A,B,B,B,A,B,A,B,B,A,A,A,A,A,A,A,B,A,A,B,B,B,B,A
10001462,B,B,B,B,B,B,B,A,B,B,B,A,B,B,A,B,B,B,A,B,B,B,B,A,A,A,A,B,B,A,B,B,B,B,B,A,B,A,B,B
10001466,B,B,A,B,B,A,B,A,B,B,A,B,B,B,B,B,B,B,B,B,A,B,B,B,B,B,B,B,B,A,B,B,A,B,B,B,A,B,B,A
10001470,B,A,B,A,A,A,B,B,B,B,A,B,A,B,A,A,B,B,B,B,B,A,B,B,B,B,A,A,B,B,B,B,B,A,B,B,A,B,A,A
10001472,B,B,B,A,B,B,B,B,A,A,B,A,B,A,B,A,B,B,B,A,B,B,A,B,B,B,A,A,B,B,B,A,B,A,B,B,A,A,B,B
10001476,A,B,B,B,A,A,B,A,B,B,A,A,B,B,B,A,A,A,B,A,A,A,B,B,A,A,A,A,A,B,A,A,A,B,B,A,A,A,B,A
10001479,A,A,B,A,B,B,B,A,B,A,B,B,B,B,A,B,B,B,B,B,B,B,A,B,B,B,B,B,B,A,B,B,B,A,A,B,B,B,A,B
10001480,A,B,B,B,B,A,B,A,B,A,B,B,B,B,A,B,B,B,B,A,B,A,B,B,B,B,B,B,B,B,B,B,A,B,B,B,B,B,B,A
10001481,A,A,A,A,B,A,A,A,A,A,A,B,A,B,A,A,A,B,A,B,B,A,A,B,A,A,B,B,A,A,B,A,A,A,B,B,A,A,A,A
10001486,B,A,B,B,B,A,B,B,B,B,B,A,A,A,A,B,B,A,A,B,A,B,B,B,B,A,A,B,B,A,A,A,B,B,B,B,A,A,B,B
10001488,A,B,B,B,B,B,B,B,B,B,B,B,B,B,A,B,A,A,A,B,B,B,A,B,B,A,A,B,A,B,A,B,A,B,A,B,B,B,A,B
10001489,B,B,B,B,B,B,A,B,B,B,A,B,B,B,B,B,A,B,B,B,A,B,B,A,A,B,A,B,B,B,B,A,B,B,B,B,A,A,A,B
10001492,A,B,B,B,B,B,A,A,A,B,B,B,B,A,B,A,B,B,B,A,B,B,A,B,A,B,B,A,B,A,B,B,A,B,A,B,A,B,A,A
10001496,B,A,B,B,B,B,B,B,B,B,B,B,A,B,B,A,B,B,B,A,A,B,A,B,B,B,B,B,B,B,B,A,B,B,B,B,B,A,B,B
10001498,A,B,A,A,A,B,B,A,B,B,B,B,B,B,B,B,B,A,B,B,A,B,B,B,B,B,B,B,B,B,B,B,B,B,B,B,B,B,B,B
10001503,B,B,A,A,A,A,B,B,B,B,B,B,B,B,B,B,B,B,B,B,A,B,A,B,B,B,B,B,A,B,B,A,A,B,B,B,B,A,A,B
10001515,B,A,B,B,A,A,A,A,B,B,A,A,A,B,A,B,B,A,B,A,A,A,A,A,B,A,B,A,A,B,A,B,B,B,A,A,A,B,A,B
10001518,B,A,A,B,A,B,B,B,B,A,B,B,A,A,B,B,B,A,B,A,B,B,A,B,A,A,B,B,A,A,B,A,B,B,B,A,B,A,B,B
10001519,B,B,B,B,B,B,B,B,B,A,B,B,B,B,A,B,B,B,B,B,B,B,B,B,B,B,B,B,B,A,B,B,B,A,B,B,B,B,B,B
10001520,A,A,B,A,B,B,B,B,B,B,B,B,B,B,A,B,A,A,A,A,B,B,A,A,B,B,A,B,B,B,B,A,B,A,B,B,B,B,A,B
10001522,B,B,A,A,B,A,A,A,B,B,A,B,A,A,B,B,A,B,A,A,B,B,B,A,B,A,B,A,B,A,A,B,A,B,B,A,A,A,B,B
10001523,A,A,A,B,B,A,A,A,A,A,A,A,A,A,A,A,A,B,A,A,A,A,A,B,A,A,B,A,A,B,B,A,A,A,A,A,A,A,A,A
10001530,B,A,A,A,B,B,B,A,B,B,A,A,B,A,B,A,B,B,A,A,A,B,B,B,A,B,B,B,B,B,A,A,B,A,A,B,B,B,A,A
10001538,A,A,B,A,B,A,A,A,A,A,A,A,A,A,A,A,B,A,A,A,A,A,A,B,A,A,A,A,B,A,B,A,A,A,A,A,B,A,A,A
10001539,B,B,B,B,B,A,B,A,A,B,A,B,A,B,A,B,B,A,B,A,B,B,B,A,B,A,B,B,B,B,A,B,B,B,B,A,A,B,B,A
10001540,A,B,B,B,A,B,B,A,A,B,A,A,A,A,A,B,B,A,B,B,B,B,B,B,A,A,B,A,B,A,A,A,B,B,B,B,A,A,A,B
10001543,B,B,B,A,A,A,A,A,B,B,A,A,A,A,A,A,A,B,B,B,A,A,A,B,B,A,B,B,B,A,A,A,B,B,A,A,B,B,B,B
10001544,A,B,A,A,A,A,B,B,B,B,A,A,B,A,B,A,B,A,A,A,B,B,B,B,B,A,A,A,A,A,A,A,A,A,B,A,B,B,A,B
10001548,A,B,A,A,B,A,A,B,A,B,A,A,A,A,A,A,B,B,A,B,A,A,B,A,B,A,B,B,A,A,B,A,A,B,B,B,A,B,A,A
10001554,B,B,B,A,B,B,A,B,A,B,B,B,B,A,B,B,A,B,B,B,B,A,B,A,B,B,B,B,B,B,A,B,B,B,B,B,B,B,B,A
10001555,A,A,A,A,B,A,A,A,A,A,A,B,B,A,A,B,A,A,A,A,B,B,A,A,A,A,A,B,A,A,A,A,A,A,A,A,A,A,A,A
10001556,A,A,A,B,A,A,B,B,A,B,A,B,A,A,A,A,B,A,A,A,B,A,A,A,A,A,A,B,A,A,B,B,B,A,A,A,A,A,A,A
10001557,B,B,B,A,B,A,A,B,A,A,A,B,B,B,B,B,A,A,A,A,B,B,B,A,B,B,B,A,B,B,B,B,A,B,B,B,B,B,B,B
10001561,B,B,B,A,B,A,A,B,A,B,B,B,A,A,A,A,A,B,A,A,A,A,A,A,B,B,A,A,A,A,B,A,A,A,A,B,B,A,A,B
10001562,B,A,A,A,B,B,B,B,B,B,B,B,A,B,A,B,A,A,B,B,B,A,B,B,B,B,A,A,A,B,B,B,A,B,B,B,B,B,A,A
10001563,A,A,B,A,B,B,A,A,B,A,A,B,B,B,B,B,B,B,A,A,A,B,A,B,B,B,A,B,B,B,A,B,B,A,A,A,B,A,B,A
10001572,A,B,A,A,A,A,A,B,B,A,B,B,A,A,A,A,A,B,B,A,A,A,B,A,A,A,B,A,B,A,A,A,A,A,A,A,B,B,A,A
10001576,A,B,B,B,B,B,B,B,B,B,A,A,B,A,B,B,B,B,A,A,B,A,B,A,A,B,B,A,A,A,A,B,B,B,B,A,B,B,B,B
10001578,B,B,A,B,A,B,B,B,B,A,A,B,A,B,B,A,B,B,B,B,B,A,B,A,B,B,B,A,B,A,A,A,B,A,A,A,A,B,A,B
10001579,A,A,B,B,A,B,B,B,B,B,B,B,A,B,B,B,A,B,B,A,B,B,B,B,B,B,A,B,B,B,B,B,B,B,B,B,B,B,B,A
10001581,B,A,A,A,B,A,A,A,A,B,B,B,B,A,A,B,A,B,B,B,B,A,A,A,A,B,A,B,B,B,B,B,A,B,B,B,A,B,B,A
10001587,B,B,A,B,B,B,A,B,B,B,B,A,A,B,B,B,B,B,B,B,B,A,B,B,A,B,B,B,B,A,B,B,A,A,B,B,B,A,A,B
10001590,B,A,A,B,B,B,A,B,B,A,A,A,A,A,A,B,A,A,A,A,A,A,B,B,B,B,A,A,A,A,A,A,B,B,A,A,A,B,B,A
10001592,B,B,A,B,B,B,B,B,B,B,A,A,A,A,B,A,B,B,A,B,B,B,B,A,A,A,A,B,B,A,A,A,A,B,B,B,B,B,B,A
10001593,B,A,B,A,A,B,B,B,A,A,B,B,B,A,A,B,B,B,A,A,B,B,A,B,A,B,A,B,A,B,A,B,B,A,B,B,B,B,B,B
10001603,B,A,A,B,B,A,A,B,A,A,B,B,A,A,B,B,A,B,B,A,B,B,A,A,B,B,A,A,A,A,A,B,B,B,B,B,A,A,B,A
10001605,A,B,B,A,B,A,A,A,B,B,A,B,A,B,A,A,A,B,A,B,B,B,A,A,A,B,A,B,B,B,B,A,A,B,A,B,A,B,B,B
10001609,B,A,B,B,A,B,B,B,A,B,B,B,B,A,A,B,B,B,B,A,A,B,B,B,A,A,B,B,B,A,A,B,B,B,B,A,A,B,B,B
10001610,A,A,B,B,A,B,A,B,A,B,A,A,B,A,A,B,B,B,B,A,A,B,B,B,B,A,A,A,B,B,A,B,B,B,A,B,A,B,B,B
10001612,B,A,B,B,B,B,B,B,B,A,A,A,B,A,A,B,A,B,A,A,B,A,B,A,A,A,B,B,B,A,B,A,A,B,A,B,B,B,B,A
10001620,A,B,B,A,A,B,A,A,A,B,A,A,B,B,A,B,A,A,A,A,A,A,A,A,A,B,A,B,A,A,B,A,A,B,A,A,A,B,A,B
10001623,B,A,A,A,B,A,A,B,A,A,B,A,B,B,B,A,B,B,A,A,A,A,A,A,B,A,B,B,A,B,A,B,A,B,A,B,B,A,A,A
10001624,B,B,A,B,A,B,A,A,B,A,B,B,A,A,A,B,A,B,B,B,B,B,B,B,B,B,B,A,A,B,B,A,B,A,A,B,A,B,B,A
10001639,B,B,B,A,A,B,A,B,A,B,A,B,A,B,B,A,B,B,A,B,B,B,B,B,B,A,A,A,B,A,A,B,A,A,B,B,A,B,B,A
10001643,B,B,B,B,B,B,B,B,B,A,B,B,B,B,B,B,B,B,B,A,B,B,B,B,B,B,B,B,A,B,B,B,B,B,B,B,A,B,A,B
10001648,B,A,B,A,A,A,B,B,A,A,A,A,B,B,B,A,A,B,A,B,B,B,A,B,A,B,A,B,B,B,B,A,A,B,A,B,A,A,A,B
10001652,B,B,A,B,A,B,B,B,B,B,A,B,A,A,B,B,B,A,A,B,B,B,A,B,B,B,A,B,B,B,B,A,B,B,B,A,B,B,B,B
10001653,A,B,A,A,A,B,A,B,B,A,A,A,B,B,B,A,A,A,A,A,B,B,A,B,A,A,B,A,B,A,B,A,B,A,B,B,A,A,A,B
10001661,B,B,A,B,B,A,A,B,B,B,A,B,B,B,B,B,B,A,B,B,A,B,B,A,B,B,B,B,B,A,B,B,B,A,B,A,B,A,B,A
10001663,B,A,A,B,B,A,A,A,B,A,B,B,A,B,A,B,B,A,B,B,B,A,A,B,A,B,A,A,B,B,A,B,A,A,B,A,A,B,A,A
10001666,B,B,A,A,B,B,B,B,B,B,A,A,B,B,A,B,A,B,B,B,B,B,A,B,A,B,B,B,B,A,B,B,A,A,A,A,A,A,B,B
10001669,A,A,A,A,A,A,B,A,B,A,A,A,A,B,A,A,A,B,B,A,A,A,B,B,A,B,B,A,A,B,A,A,A,B,A,B,B,A,A,A
10001670,B,B,A,B,A,A,B,B,B,A,A,B,B,A,B,B,A,B,A,B,B,B,B,B,B,B,A,B,A,A,B,B,B,B,B,A,B,A,B,B
10001676,B,A,B,A,A,A,A,A,B,A,B,A,A,B,B,B,B,B,B,B,B,B,B,B,B,A,B,B,A,B,A,B,B,A,B,B,B,A,A,B
10001680,A,B,B,A,B,B,A,B,A,A,B,A,B,B,B,B,B,A,B,B,A,A,B,A,B,B,B,A,A,B,B,A,B,A,B,B,B,A,B,B
10001681,B,A,A,A,B,A,A,B,B,B,B,B,B,B,A,B,B,B,A,A,B,A,B,A,B,B,B,B,B,B,B,A,A,B,B,B,B,A,A,B
10001685,B,B,A,B,A,A,B,A,A,A,B,A,B,A,A,A,A,B,B,A,B,A,B,A,B,B,A,B,A,B,A,B,A,A,A,B,B,B,B,A
10001687,B,B,A,B,B,B,B,B,B,B,B,B,B,B,B,A,B,B,B,B,B,B,B,A,B,A,B,B,B,B,B,B,B,B,B,B,A,B,B,B
10001689,A,B,B,B,A,B,A,B,B,B,A,B,B,B,B,B,B,B,A,A,A,B,B,B,A,B,A,B,B,A,B,B,B,B,B,A,B,B,A,B
10001691,B,A,B,A,A,A,B,B,A,B,B,A,A,A,B,B,B,B,B,B,B,B,B,A,B,B,B,B,A,B,B,A,A,A,A,B,A,A,B,A
10001693,B,B,A,A,B,A,A,A,B,A,B,B,A,B,A,A,B,A,B,B,B,B,B,A,B,A,B,A,A,A,A,A,A,B,A,B,B,B,A,B
10001694,B,B,A,B,B,B,A,B,B,B,A,B,B,A,B,B,B,A,B,B,B,B,B,A,A,B,B,B,B,A,A,B,A,B,A,B,A,A,B,B
10001696,B,B,A,A,A,A,B,A,A,B,B,B,A,B,A,A,B,A,A,B,B,A,B,A,A,A,B,B,A,B,B,B,A,B,B,B,B,A,B,B
10001697,B,A,A,A,B,B,B,A,B,A,A,B,A,A,A,B,B,A,B,A,B,A,A,B,B,A,B,B,A,B,A,A,A,B,B,B,B,A,B,A
10001698,B,A,A,A,B,A,A,A,B,B,A,A,A,B,B,A,A,A,B,A,B,A,A,B,A,A,A,A,B,B,A,B,B,B,A,A,B,A,A,A
10001707,B,A,A,B,B,B,B,A,A,A,A,A,A,A,B,A,A,B,B,A,A,A,A,A,A,B,A,A,A,B,A,A,B,A,B,A,B,A,B,A
10001708,B,A,B,A,B,B,B,B,B,A,B,A,B,A,B,A,B,A,B,B,B,B,A,A,B,B,B,B,A,B,A,B,B,B,A,B,B,B,B,A
10001709,B,A,A,A,A,A,B,B,B,B,B,B,B,A,A,B,B,A,B,B,A,A,B,A,B,B,A,A,A,A,B,A,A,A,B,A,B,B,B,B
10001711,B,A,B,A,A,A,A,B,B,B,B,A,B,A,B,B,A,A,A,A,B,A,A,B,A,B,A,A,A,B,B,A,A,B,B,A,B,B,B,A
10001712,A,B,B,B,A,A,A,A,B,B,A,B,B,A,B,A,A,B,B,B,B,A,B,B,B,A,B,B,B,B,B,A,B,B,A,B,B,B,A,A
10001714,B,B,B,A,A,A,B,B,A,A,B,B,A,A,A,B,A,A,B,A,B,A,A,B,A,B,B,A,B,A,A,B,B,B,A,B,A,A,B,B
10001715,A,B,B,B,B,B,B,B,A,B,B,A,A,B,B,B,B,B,B,B,B,B,A,B,B,B,B,B,B,B,B,A,B,A,B,B,A,B,A,B
10001718,A,A,A,B,A,A,B,A,A,A,A,A,A,B,A,A,A,A,A,A,A,B,A,A,A,A,A,A,A,B,B,B,A,A,B,A,A,B,A,A
10001724,B,B,A,A,B,B,B,A,B,A,B,B,A,B,B,A,A,B,A,A,B,B,B,B,B,A,B,B,B,A,A,B,B,A,B,B,B,A,B,A
10001725,B,B,B,B,B,A,A,A,B,B,B,B,B,A,B,B,B,B,B,B,B,A,A,A,A,B,B,A,B,A,B,B,B,B,B,A,A,A,A,B
10001736,A,A,A,A,A,A,A,A,A,A,A,A,B,A,A,B,A,B,A,B,A,A,A,A,B,A,A,A,A,B,A,A,B,A,A,B,A,A,B,A
10001738,B,B,B,A,A,B,A,B,B,A,A,A,A,A,B,A,A,A,B,A,B,A,B,B,A,B,B,A,A,A,B,A,B,A,A,A,B,B,B,A
10001741,B,A,A,B,B,A,B,A,A,A,A,B,A,B,A,B,B,B,A,A,A,A,A,B,A,A,A,B,A,A,B,B,B,A,A,A,B,A,B,B
10001751,B,B,A,B,B,B,B,A,B,B,B,B,A,B,B,A,A,B,B,A,B,B,B,B,A,A,B,B,B,A,B,A,B,B,A,B,B,B,B,B
10001753,B,A,B,A,A,B,A,B,A,B,B,A,B,A,B,B,A,A,B,A,A,A,B,B,A,B,B,A,A,B,A,B,A,B,B,A,A,B,B,B
10001754,B,A,B,A,A,B,B,A,B,B,A,B,A,B,A,B,B,B,A,B,B,B,B,A,A,A,A,B,A,B,A,A,B,B,B,B,B,B,B,B
10001760,A,A,B,A,A,B,B,B,A,A,B,B,A,B,B,B,B,A,B,B,B,B,B,B,B,A,B,B,A,A,B,A,A,A,A,A,B,A,A,B
10001763,B,A,A,A,A,B,B,B,A,A,A,B,B,A,B,A,A,A,A,B,B,A,A,A,B,B,B,B,A,B,B,A,B,B,B,A,A,B,A,A
10001767,A,B,A,B,A,B,A,B,B,B,B,B,B,A,B,A,B,B,A,A,A,B,A,B,A,A,A,A,A,B,A,A,A,B,A,B,A,A,B,A
10001772,B,A,A,A,A,B,A,A,A,A,B,A,B,B,A,A,A,A,B,A,A,A,B,A,A,A,A,B,A,A,B,A,B,B,A,A,B,A,B,A
10001774,A,B,B,B,B,A,B,A,B,A,B,A,B,A,B,B,B,B,A,A,B,B,B,A,A,A,B,B,A,B,A,B,B,A,B,B,B,B,B,B
10001776,B,B,B,B,A,A,B,A,B,B,B,A,A,B,B,A,A,B,B,A,B,B,B,B,B,B,B,B,B,B,B,B,B,A,B,B,B,A,B,A
10001777,B,A,B,A,A,B,B,A,A,A,B,A,A,B,B,B,B,A,B,A,B,A,B,A,B,B,B,A,B,A,A,B,B,B,B,B,B,B,B,B
10001780,B,B,A,B,B,A,A,B,B,A,B,B,B,A,B,B,B,B,A,B,B,B,A,B,B,A,A,B,B,B,B,A,B,B,B,B,B,B,B,B
10001782,A,B,A,A,A,A,B,B,B,A,B,A,A,B,B,B,A,A,A,A,A,B,A,A,A,A,A,A,A,A,A,A,A,B,A,A,B,B,B,A
10001787,B,A,A,B,A,B,A,B,B,A,B,A,B,A,A,A,A,B,B,B,A,A,B,A,B,B,A,A,A,A,A,B,B,A,A,B,A,A,B,B
10001789,A,B,B,A,B,A,B,B,B,A,B,A,B,B,B,B,B,B,A,A,A,A,B,B,B,A,B,B,A,A,B,B,B,B,A,B,A,A,A,A
10001795,A,B,B,B,B,A,A,B,B,A,B,B,B,B,B,B,B,A,A,B,B,B,B,B,A,B,A,B,B,B,B,B,B,A,B,A,B,B,B,A
10001798,A,A,A,A,A,B,A,B,B,A,A,B,B,A,B,B,A,A,A,A,A,A,A,B,A,A,A,A,A,A,B,A,B,A,A,A,B,A,A,A
10001805,A,B,A,B,B,A,B,B,B,A,A,A,A,B,A,B,A,B,A,B,A,B,A,B,A,A,A,A,A,A,B,A,A,A,A,B,B,A,B,B
10001807,B,B,A,A,A,A,A,A,A,A,B,A,A,A,A,B,A,A,B,A,A,B,A,B,B,B,A,B,A,B,A,A,A,A,A,B,B,B,A,A
10001809,A,B,A,A,B,A,A,B,B,A,B,B,A,A,A,A,B,A,B,B,B,B,A,B,B,B,B,B,B,B,B,B,B,A,B,B,B,A,B,B
10001812,B,A,B,B,B,A,B,A,B,A,B,B,B,A,B,B,B,A,A,A,A,A,B,B,A,A,A,B,B,B,A,A,A,B,A,B,B,A,B,A
10001814,A,A,A,A,A,A,B,B,A,A,A,B,A,B,A,A,B,A,B,B,B,A,A,A,B,B,A,A,B,A,A,A,A,B,B,A,B,B,B,A
10001815,A,B,B,A,B,A,B,B,B,B,B,B,B,B,B,B,B,B,A,B,B,A,A,A,A,B,B,A,B,B,B,A,B,B,B,A,B,B,B,B
10001816,B,A,A,A,A,A,A,A,A,A,B,B,A,B,A,B,B,B,A,B,A,A,B,B,B,B,A,A,A,A,B,B,A,B,A,A,B,A,A,A
10001823,B,B,A,B,A,B,B,A,A,A,A,A,B,A,A,B,B,A,A,B,A,A,B,A,A,A,B,B,B,A,B,A,A,B,B,A,A,B,B,B
10001825,B,A,B,A,B,B,B,B,A,B,B,B,A,A,A,A,A,B,A,A,A,A,B,A,B,A,A,B,B,A,B,B,A,B,A,A,A,A,A,A
10001829,B,A,B,B,B,B,B,A,A,A,A,B,A,B,B,B,A,B,B,A,A,A,A,A,B,B,B,A,B,B,B,A,B,A,B,A,B,A,A,A
10001830,A,B,A,A,A,A,A,A,B,A,B,B,B,B,B,A,A,B,B,B,A,B,B,A,A,B,B,A,A,B,B,B,B,A,B,A,B,B,B,A
10001838,A,B,A,B,B,B,B,B,A,B,A,A,B,A,A,B,B,A,A,A,A,B,A,A,A,A,B,A,B,A,B,A,A,B,B,A,A,A,A,B
10001841,B,A,A,B,A,A,A,A,B,A,A,A,A,B,A,A,A,A,A,A,B,A,A,A,A,B,A,A,B,A,A,B,A,A,B,A,A,A,A,A
10001842,B,B,B,B,A,B,B,B,A,A,B,B,A,B,A,B,A,B,B,A,B,B,A,A,A,B,B,B,A,B,B,B,B,B,B,B,A,B,B,A
10001847,A,A,A,A,B,B,B,B,A,A,A,A,A,A,B,A,B,A,B,B,B,A,A,A,B,B,B,A,B,A,B,A,B,B,B,B,A,B,A,B
10001848,B,A,A,A,A,A,A,A,B,B,A,A,B,A,A,A,A,A,A,A,B,A,A,A,B,A,A,A,B,A,A,A,A,A,B,B,B,B,A,A
10001855,A,A,B,A,A,B,B,A,A,B,A,A,A,B,A,B,B,A,A,A,A,B,B,A,B,A,A,A,A,B,A,A,A,A,A,B,A,B,A,A
10001856,A,B,B,B,A,B,B,B,B,A,A,B,A,B,A,B,B,B,A,B,B,A,A,B,A,B,A,B,A,B,A,A,B,A,A,B,A,B,B,B
10001858,A,B,B,B,A,B,B,B,B,B,B,A,B,A,B,B,A,B,B,A,B,A,B,A,A,A,A,A,A,B,A,A,B,B,B,A,B,B,A,B
10001859,A,B,A,A,B,A,B,B,A,A,A,B,B,B,A,A,B,A,B,A,A,B,B,A,A,A,B,B,A,A,B,A,A,B,B,A,B,B,B,A
10001865,B,B,B,A,B,A,B,B,B,B,B,B,A,B,A,B,A,A,B,A,A,B,B,A,B,B,A,B,A,B,B,B,A,A,B,B,A,B,B,B
10001867,A,A,A,B,A,B,B,A,A,A,B,A,B,A,B,A,B,B,B,B,B,B,B,A,A,A,A,A,B,A,B,A,A,A,A,B,A,B,B,B
10001869,B,A,A,A,B,B,A,A,A,A,A,B,A,A,B,B,B,B,B,B,A,B,B,A,A,A,A,B,B,A,B,B,A,B,B,A,A,A,B,A
10001871,B,B,A,A,B,B,B,B,A,B,B,B,B,B,B,B,B,B,B,B,B,B,B,B,A,B,B,B,A,B,B,A,B,B,B,A,B,B,B,A
10001873,B,A,A,B,B,A,B,B,A,B,B,A,A,B,B,B,B,A,B,A,A,B,B,A,B,B,A,B,B,B,B,B,B,A,B,A,B,B,B,A
10001875,B,B,B,B,A,B,B,A,A,B,B,B,A,B,B,B,A,B,B,B,B,B,B,A,B,B,B,B,B,B,A,B,B,A,B,A,B,B,B,B
10001880,A,B,B,A,A,B,A,B,B,A,B,A,A,A,A,A,B,B,B,B,B,A,B,B,B,A,B,B,B,B,B,A,A,B,A,A,A,A,B,B
10001881,A,B,B,B,B,A,B,B,A,A,B,A,B,B,B,A,A,B,B,B,A,B,B,B,B,B,B,B,A,B,A,A,B,B,B,A,B,B,B,B
10001882,B,A,B,B,A,A,B,B,B,B,B,B,B,B,A,A,A,A,B,B,B,B,B,B,A,A,B,A,B,A,A,B,B,B,A,A,B,A,B,B
10001885,B,B,B,B,B,B,B,B,B,B,A,B,B,B,B,A,B,B,A,B,B,A,B,B,B,B,B,B,B,B,B,B,B,B,B,B,A,B,B,B
10001887,B,A,A,A,B,B,B,A,B,B,A,B,A,B,A,B,B,A,B,B,A,B,A,A,A,A,B,B,A,A,A,B,B,B,B,A,A,B,A,B
10001891,A,A,B,A,B,A,B,A,B,A,A,B,A,A,B,A,A,A,B,B,A,A,A,B,B,A,B,B,A,A,A,A,A,B,A,A,A,A,A,A
10001892,B,A,A,A,B,A,A,B,A,A,B,B,B,A,B,A,B,B,A,A,B,A,A,B,B,B,A,B,B,A,A,A,B,B,A,B,B,A,B,B
10001894,A,B,B,A,A,A,B,A,A,B,B,B,A,B,B,B,A,B,B,B,A,A,A,A,B,A,B,A,A,B,A,B,A,B,A,B,A,A,A,B
10001896,B,A,B,B,A,B,B,B,B,B,A,B,B,B,B,B,B,B,A,A,B,B,B,A,A,B,A,B,B,A,B,A,B,A,B,A,B,A,B,B
10001897,B,B,A,B,B,B,B,B,B,B,B,B,B,B,B,B,B,B,B,B,B,B,A,B,B,B,A,A,B,B,A,B,B,B,B,B,B,A,B,B
10001899,B,B,A,B,A,A,B,B,A,B,B,B,B,B,B,A,A,A,B,A,A,B,A,B,A,A,B,B,A,A,A,B,A,A,B,A,B,A,B,A
10001906,A,B,A,B,B,A,B,A,B,A,B,A,A,A,B,A,A,A,B,A,A,A,A,A,A,A,A,A,B,A,A,A,A,B,A,A,A,A,A,A
10001910,A,B,B,B,B,B,A,A,A,B,B,B,B,B,B,A,B,B,B,B,B,A,B,B,B,B,A,A,B,A,B,B,B,A,B,B,A,B,A,A
10001913,A,B,A,A,B,A,B,B,B,A,A,B,A,A,B,B,B,A,B,A,A,A,B,B,A,A,A,B,A,B,B,A,B,A,A,B,B,B,B,B
10001914,B,A,B,A,A,A,A,B,B,A,B,A,A,A,A,A,A,A,A,B,A,B,A,B,A,A,A,B,A,A,A,A,A,A,B,A,A,A,A,A
10001915,A,A,B,A,B,A,A,B,A,A,A,A,A,B,B,B,B,B,A,A,B,B,B,B,B,B,A,A,A,A,B,A,A,A,A,A,B,A,B,B
10001919,B,B,B,A,A,B,A,B,B,B,B,B,A,B,B,B,A,A,A,A,A,B,B,A,A,B,A,B,A,B,B,B,B,B,A,A,B,B,B,A
10001920,B,A,B,A,B,B,A,A,A,B,B,B,A,A,A,A,A,B,B,A,B,B,B,A,B,A,B,A,A,A,A,A,A,A,A,B,A,A,B,A
10001921,B,B,B,A,B,B,B,B,A,B,B,B,B,A,B,B,B,A,B,A,A,B,B,A,B,A,B,B,B,A,A,B,A,A,B,A,B,B,A,A
10001925,A,A,A,A,A,A,A,A,B,B,A,B,B,B,A,B,A,A,A,B,A,B,A,A,B,A,B,A,A,B,B,B,A,A,A,A,A,B,B,A
10001926,A,A,B,A,A,B,B,A,B,A,A,A,A,A,A,A,A,A,A,A,A,B,A,B,B,A,B,A,A,A,B,A,A,A,A,A,A,B,B,A
10001929,B,A,A,A,A,A,A,B,A,A,B,A,B,B,A,B,A,A,A,A,A,B,A,B,A,B,A,A,A,B,B,B,A,A,A,A,B,A,A,A
10001935,B,B,B,A,A,B,B,B,B,B,B,B,A,B,B,A,A,A,A,B,B,A,B,A,B,B,A,B,B,B,A,B,B,A,B,B,A,B,A,B
10001944,B,A,B,A,B,B,A,B,B,B,B,B,B,A,A,A,B,B,B,A,B,B,A,A,B,B,B,B,B,B,B,A,B,A,B,B,B,A,B,B
10001947,B,B,A,B,B,A,A,B,B,B,A,B,A,B,B,B,B,A,B,A,A,B,B,B,B,B,A,A,B,B,B,B,B,A,A,B,B,B,B,B
10001950,B,B,B,B,B,B,A,B,A,B,B,B,B,B,A,B,B,A,B,B,B,B,B,A,A,B,B,B,B,B,B,A,B,A,B,B,A,B,B,B
10001951,A,A,A,B,A,B,A,B,A,B,B,B,A,B,B,B,B,B,B,B,A,A,A,B,B,A,A,A,B,B,B,B,B,B,A,A,A,B,A,A
10001954,A,B,A,B,B,A,A,A,A,B,A,A,A,A,B,B,B,A,A,B,B,A,A,A,A,B,A,B,A,B,A,B,A,B,A,B,A,A,B,A
10001955,B,B,A,B,A,A,B,A,B,A,A,A,B,B,B,B,A,B,B,B,B,B,B,A,B,B,B,B,B,A,A,B,A,B,B,B,B,A,A,B
10001956,A,B,A,B,A,B,A,A,A,A,A,A,A,B,A,B,A,B,A,A,B,A,B,A,B,A,B,A,B,A,B,A,A,B,A,B,B,A,B,B
10001957,A,A,A,A,A,B,B,A,A,A,A,B,A,B,A,A,B,B,B,A,A,A,B,B,B,A,A,A,A,B,A,B,B,A,B,A,A,B,B,A
10001959,B,B,B,B,B,B,B,B,A,A,B,B,B,B,A,B,B,A,B,B,B,B,B,A,B,B,B,B,B,B,B,B,B,A,B,B,B,B,A,B
10001960,A,B,A,B,A,B,A,A,A,B,A,B,A,A,B,A,B,A,B,A,B,A,B,A,A,B,B,B,A,A,B,A,A,A,B,A,B,B,A,A
10001962,A,A,B,A,B,A,B,A,B,B,A,A,B,B,B,B,B,A,B,B,A,B,B,B,B,B,A,B,A,B,A,A,B,A,B,B,B,A,B,A
10001964,A,A,A,A,A,A,A,A,A,B,A,A,A,B,A,A,A,A,A,A,A,A,B,A,A,A,B,A,A,A,A,A,A,B,A,A,A,A,A,A
10001965,B,B,B,A,A,B,B,A,A,B,A,A,B,A,A,A,B,A,A,A,A,A,A,B,A,A,A,A,B,A,A,B,A,B,A,A,A,A,B,A
10001966,B,B,B,B,A,A,A,B,B,B,A,B,B,B,B,B,B,B,B,B,A,B,A,B,B,B,A,B,B,B,B,B,B,B,B,B,B,B,B,B
10001967,B,B,B,B,A,B,B,B,B,B,B,B,A,B,B,B,A,B,B,B,B,A,B,B,B,B,B,B,A,B,B,B,B,B,B,A,B,A,B,B
10001979,A,A,B,B,A,B,B,A,B,A,A,B,B,B,B,A,A,B,B,A,B,A,B,B,A,B,B,B,B,B,B,A,A,B,A,B,B,B,A,B
10001981,B,B,A,A,B,A,B,B,B,A,B,A,A,B,B,B,A,B,B,B,B,A,B,B,A,B,B,B,A,B,B,B,A,B,B,B,A,B,B,B
10001983,B,B,B,A,A,A,B,B,B,B,A,A,B,B,B,B,A,B,B,B,A,B,A,B,A,B,A,B,B,A,B,A,A,B,B,B,B,A,B,B
10001984,B,A,A,A,B,B,B,A,B,B,B,A,B,A,B,B,B,B,B,B,A,B,B,B,A,B,B,B,B,A,B,B,B,B,A,B,B,A,B,B
10001985,B,A,B,B,B,A,B,B,B,B,B,B,B,A,B,B,A,B,B,B,A,A,B,B,B,B,B,B,B,B,A,B,B,A,B,A,B,A,B,B
10001986,A,A,B,B,A,B,B,B,B,B,A,B,B,B,B,A,B,B,B,A,A,A,B,B,B,B,B,B,B,B,B,B,B,B,B,B,B,A,B,A
10001988,B,B,B,B,B,B,B,B,B,B,B,B,B,B,B,B,B,A,B,B,B,A,B,B,A,B,B,B,B,B,B,B,B,B,B,B,A,B,B,B
10001999,A,B,A,A,B,B,A,A,A,A,A,B,B,A,A,B,A,A,A,B,B,A,A,A,A,B,A,B,A,B,B,A,A,A,B,A,B,A,B,B
10002001,B,B,A,B,B,B,B,B,B,A,A,A,B,B,B,B,B,A,A,B,A,B,A,B,B,B,A,B,A,B,A,B,B,B,A,B,B,A,B,A
10002005,A,A,B,B,B,B,A,B,A,B,B,A,A,B,B,B,A,A,B,B,B,B,B,B,B,B,B,B,B,A,B,B,A,A,B,B,A,B,B,A
10002007,A,B,A,B,B,B,A,A,B,B,A,A,B,A,B,A,A,B,B,A,B,B,A,A,B,B,B,B,B,B,A,A,B,B,B,A,A,B,A,A
10002019,B,B,A,B,A,B,B,B,A,A,A,A,B,B,B,A,B,A,B,B,B,B,A,B,A,A,A,B,B,B,A,B,A,B,A,B,A,A,B,A
10002024,B,B,B,B,B,A,B,A,B,B,A,B,A,A,B,A,B,A,A,B,B,B,A,A,B,B,A,A,A,B,B,B,B,A,B,B,B,B,B,B
10002025,A,A,A,B,A,B,B,B,B,B,B,B,A,B,B,B,B,A,B,A,B,B,B,B,A,B,A,B,A,B,B,B,A,B,B,B,A,A,B,B
10002026,B,B,B,B,B,B,B,A,B,B,A,A,A,A,A,B,B,A,A,A,A,A,B,B,B,B,A,B,B,A,B,B,B,A,B,B,B,A,A,B
10002035,A,A,A,B,A,A,A,A,B,A,A,A,B,A,B,B,B,B,B,B,B,B,B,B,B,A,A,B,B,B,B,B,A,B,B,A,A,B,B,A
10002039,A,A,B,A,A,A,A,A,B,A,A,B,A,B,B,A,A,A,B,B,B,A,A,B,B,B,B,A,A,B,A,A,A,B,B,B,A,B,B,B
10002045,A,A,A,B,B,B,B,A,A,A,B,A,B,B,A,A,B,A,A,A,B,B,A,B,B,A,B,B,A,A,B,B,A,B,B,B,A,A,B,A
10002048,B,B,B,B,A,B,A,B,A,A,B,A,B,B,A,B,A,B,A,B,A,B,B,A,A,B,B,A,A,B,B,B,A,B,B,A,A,B,A,B
10002049,A,B,A,A,A,A,B,A,B,A,A,B,B,A,B,A,A,A,A,B,A,B,B,B,B,B,B,B,A,B,B,B,A,A,A,A,B,B,B,B
10002058,A,A,A,B,B,A,A,B,B,B,A,A,A,A,B,B,A,A,A,A,A,A,A,A,A,A,A,A,A,A,A,A,A,A,B,A,A,B,A,A
