caseid,FAMSURV2Wc_W50,FAMSURV1_W50,BILLION_W92,INEQ1_W54,USEXCEPT_W92,PROG_RNEED_W92,FAMSURV2Mc_W50,ECON1_W54,GOVPRIORITYd_W54,WHADVANT_W92,ECON4_b_W54,FREECOLL_W92,GOVPRIORITYc_W54,ELECT_CONF3_PRVFR_W92,FAMSURV6_W50,SATLIFEc_W50,CANDEXP_W92,ELECT_CONF3_PRVSUP_W92,GOVPRIORITYf_W54,FIN_SIT_W54,REPRSNTREP_W92,UNIMMIGCOMM_W92,POLINTOL2_a_W92,ECON4_a_W54,GOVPRIORITYb_W54,RACESURV52MOD_W92,GODMORALIMP_W92,ELECT_IMPT3_PRVFR_W92,REPRSNTDEM_W92,SOCIETY_TRANS_W92
100637.0,B,C,C,C,A,C,B,A,D,C,C,B,B,A,D,B,B,D,C,D,B,B,A,D,A,C,B,D,A,B
103379.0,A,C,A,C,B,C,A,A,B,C,A,D,B,A,D,D,C,B,B,C,C,D,D,A,A,A,A,D,A,D
104368.0,B,A,C,A,B,A,B,A,A,B,D,B,B,D,A,D,B,D,A,D,C,C,B,D,B,C,B,D,B,A
105124.0,B,B,B,A,A,A,B,B,C,D,B,D,C,B,D,D,B,C,A,C,C,D,B,D,A,D,A,D,A,C
107023.0,C,B,A,C,A,B,C,C,B,B,D,A,A,C,C,A,C,B,A,D,A,A,D,A,B,D,B,C,C,C
107668.0,C,B,C,C,A,A,C,B,B,C,A,D,C,B,C,B,C,D,B,A,C,B,B,B,B,C,B,D,B,C
109143.0,B,B,C,A,A,C,B,B,C,C,A,A,C,A,D,B,B,C,B,D,D,B,C,A,A,D,D,D,A,D
110041.0,B,A,C,C,A,C,B,B,B,D,A,D,B,B,A,D,B,D,B,C,C,B,A,D,A,A,C,D,A,D
112613.0,B,A,C,A,B,A,C,B,A,D,B,D,B,C,C,D,C,C,A,C,C,D,B,D,A,D,B,D,A,A
113412.0,B,C,C,A,B,A,C,B,B,C,A,B,B,B,C,B,C,D,A,D,C,D,B,D,A,C,B,D,B,A
116617.0,B,B,C,C,A,B,C,A,A,B,A,A,B,D,C,D,C,D,A,C,A,A,D,B,B,B,C,D,D,E
119121.0,B,C,A,B,A,B,B,B,A,A,D,A,A,D,A,A,C,B,A,D,A,C,D,A,C,B,D,D,C,E
125421.0,C,A,A,C,C,B,C,C,A,B,A,A,B,D,A,D,C,B,A,C,A,C,C,D,B,C,C,B,C,C
126211.0,A,C,C,A,B,A,A,A,C,D,D,D,D,B,B,A,C,D,B,B,C,B,B,A,A,A,A,D,A,D
127160.0,B,C,C,C,C,B,B,B,B,B,D,A,A,D,D,A,A,B,A,D,C,A,B,A,B,C,A,B,A,D
128558.0,B,A,C,A,A,A,B,B,C,C,A,D,B,B,B,D,B,D,B,C,C,A,C,D,A,B,A,A,B,A
135184.0,B,B,C,A,B,C,B,A,D,C,A,D,D,B,D,B,B,D,C,C,D,B,C,A,A,C,B,D,A,D
141442.0,B,C,B,A,A,C,B,B,B,D,A,D,C,B,C,B,A,C,B,D,C,B,B,D,B,D,D,D,B,A
145447.0,B,A,C,C,A,B,B,B,A,B,D,D,C,C,B,D,D,D,A,C,A,A,D,C,B,B,B,D,B,A
146434.0,B,A,C,C,A,B,B,B,B,D,B,C,B,A,C,A,D,C,B,D,C,A,C,C,A,C,D,D,A,D
147121.0,B,A,C,C,A,B,C,D,C,A,C,C,C,C,A,C,D,D,B,A,C,B,C,C,A,D,B,C,C,E
148162.0,B,C,C,A,A,C,B,B,C,C,A,D,C,A,B,B,A,D,B,D,B,A,B,D,A,C,B,D,A,A
154948.0,B,C,C,C,A,B,B,C,A,A,B,A,A,D,A,B,B,C,A,C,A,A,D,C,C,D,C,D,C,E
155606.0,A,A,C,C,A,B,B,B,B,A,A,A,B,C,B,D,C,D,A,C,D,B,C,C,A,C,B,D,B,A
158846.0,B,C,A,A,A,C,B,B,C,C,A,A,B,A,D,B,C,B,A,B,C,D,C,A,A,A,B,D,B,D
159828.0,B,A,C,C,B,A,B,A,D,D,A,D,D,C,C,D,D,D,B,C,D,A,D,A,A,B,B,D,A,B
161130.0,B,A,C,A,A,C,B,B,B,D,A,A,C,B,D,B,B,D,C,C,C,B,D,A,A,C,C,D,A,B
161820.0,B,B,C,B,C,A,C,B,C,D,D,C,A,D,A,B,C,D,A,B,C,A,C,D,B,A,D,D,C,A
162028.0,B,A,C,C,A,B,C,C,A,B,C,A,B,C,B,A,B,D,A,A,A,B,D,A,B,C,B,C,C,A
174032.0,B,B,C,A,A,A,C,C,C,D,A,D,C,C,A,A,C,D,A,B,B,D,B,A,A,D,B,D,A,B
175192.0,A,B,B,A,B,C,A,A,B,C,C,D,B,D,D,B,C,D,A,C,C,C,A,B,A,D,A,D,A,D
176214.0,B,A,A,B,A,B,B,B,A,A,D,A,A,D,C,B,C,B,A,D,B,C,B,A,C,D,D,D,D,A
176709.0,B,B,C,A,A,A,B,A,D,D,D,D,C,B,B,B,B,B,B,C,C,B,B,D,A,B,B,D,A,A
176940.0,C,A,C,C,A,A,C,B,A,A,A,A,B,D,A,D,C,D,A,C,B,B,C,C,A,C,C,D,D,C
178470.0,B,A,C,C,A,B,B,D,A,B,A,C,A,D,D,C,D,B,A,A,A,A,A,B,B,C,B,D,D,A
181690.0,C,B,A,C,A,A,C,B,B,D,A,D,C,C,C,B,B,D,B,C,B,B,D,A,C,D,D,C,B,B
186444.0,B,B,C,C,A,A,C,C,A,C,A,D,B,A,A,A,B,D,B,A,D,D,A,A,A,A,B,D,A,E
188516.0,B,C,C,A,B,A,C,A,C,D,A,D,C,A,D,D,B,D,C,C,C,D,B,A,A,A,D,D,A,B
191063.0,C,C,C,C,A,B,C,B,A,A,D,A,B,C,A,A,C,C,B,D,B,A,C,D,B,D,B,D,B,A
193408.0,B,B,C,A,A,A,B,A,C,A,A,A,B,C,D,A,D,C,C,C,B,B,C,B,A,C,D,D,B,B
194718.0,B,C,C,C,A,A,B,B,C,D,B,D,C,B,D,D,C,C,B,D,D,D,C,A,A,C,B,D,B,B
194860.0,B,C,C,A,A,A,B,C,D,A,D,D,D,C,D,A,B,D,C,B,B,B,B,D,B,D,B,D,A,A
198848.0,C,B,C,A,C,A,C,B,C,D,A,B,C,A,A,B,B,D,B,C,C,B,B,A,A,C,B,D,A,A
200312.0,B,A,A,A,A,C,B,B,C,D,B,C,C,A,D,C,B,D,B,C,C,D,A,D,A,A,D,D,A,B
201153.0,B,A,C,C,A,B,B,B,A,B,D,A,A,B,A,A,D,C,A,B,A,A,B,B,A,C,D,B,C,A
204536.0,B,A,A,C,B,A,C,B,B,C,A,A,A,A,D,D,D,C,B,C,C,D,B,B,A,A,A,D,A,B
205459.0,B,A,C,C,A,B,C,B,B,A,C,C,A,D,A,D,D,D,A,C,C,D,D,D,A,D,A,D,A,A
205490.0,C,B,C,B,A,B,C,D,B,B,A,C,A,B,C,B,B,A,A,B,A,D,D,B,A,B,B,D,C,E
207502.0,C,B,B,B,C,B,C,C,B,B,D,C,A,C,A,B,B,C,A,D,C,A,B,D,B,C,B,C,C,E
209250.0,C,B,C,C,A,B,C,C,A,B,B,A,A,D,C,B,C,C,A,C,A,C,D,B,C,B,C,D,D,E
213541.0,B,A,C,A,A,C,B,B,A,A,A,A,B,D,B,C,B,C,B,A,C,B,D,D,B,C,D,D,A,A
218837.0,C,A,C,C,C,B,C,B,A,B,A,A,A,D,C,D,C,C,A,C,A,A,C,C,C,C,C,C,C,A
227117.0,B,C,A,C,A,A,B,B,A,B,D,A,B,A,A,C,C,C,B,A,B,D,C,D,A,D,B,D,B,A
229457.0,B,B,B,A,A,A,B,B,B,C,A,A,B,B,A,B,B,D,A,C,D,D,C,A,A,A,A,D,B,B
230587.0,C,C,A,B,A,B,C,B,C,D,C,A,A,B,A,B,C,C,A,B,C,D,B,C,A,A,B,D,C,D
230613.0,B,A,B,A,A,C,B,A,C,D,C,D,C,A,B,D,B,D,B,C,B,D,B,B,A,C,A,D,A,D
236005.0,B,C,C,A,B,A,B,B,C,C,A,D,B,D,B,B,D,D,B,B,D,B,B,B,A,D,A,D,A,D
236237.0,B,C,C,C,A,A,B,B,A,C,C,D,B,A,D,D,A,D,B,C,D,D,A,B,A,A,B,D,A,E
239268.0,B,C,C,C,C,B,B,D,A,B,D,C,A,C,C,B,C,D,B,D,A,A,D,A,C,C,A,D,C,A
239382.0,A,C,C,B,A,B,B,D,A,B,A,C,A,C,C,B,D,D,A,D,A,A,D,A,A,B,B,D,C,A
240597.0,B,B,C,A,A,A,B,B,C,D,C,A,C,B,D,A,C,D,A,D,C,B,B,C,A,D,A,D,B,A
245684.0,B,A,C,A,B,C,B,A,D,C,C,D,C,A,D,D,A,A,D,C,D,D,A,C,A,A,A,D,A,D
246537.0,B,A,C,C,A,B,B,B,B,D,A,B,B,C,A,D,C,D,A,C,C,B,D,D,B,C,C,D,B,A
249540.0,B,C,C,C,A,C,B,B,D,C,A,D,D,A,C,B,A,D,D,C,C,B,D,A,A,B,B,D,A,B
274171.0,B,B,B,A,B,C,B,A,D,C,D,D,C,A,B,C,A,D,A,D,B,D,A,B,A,A,C,D,A,D
274822.0,B,C,A,C,B,A,B,A,B,A,A,A,B,C,C,B,B,D,B,C,C,B,C,A,A,C,A,D,A,D
275824.0,B,B,C,C,A,A,B,A,A,D,D,C,A,D,C,D,C,D,B,C,A,B,D,A,B,A,C,D,D,C
280823.0,B,B,B,C,B,A,B,B,C,D,A,B,B,C,D,A,B,D,A,D,C,B,D,B,A,D,D,D,A,A
281929.0,B,B,C,C,A,B,B,C,B,B,B,C,A,C,B,B,B,C,A,D,B,A,D,B,B,D,B,C,C,C
282561.0,A,B,B,A,A,A,A,A,C,D,D,D,C,A,A,D,B,D,A,D,C,D,C,B,A,B,B,D,B,A
283820.0,A,C,A,C,A,A,A,B,B,D,B,B,C,B,A,B,C,C,B,C,C,A,C,A,A,B,C,D,B,B
286082.0,B,B,A,A,A,B,B,C,A,D,C,C,C,D,B,A,C,D,C,D,A,A,D,A,C,D,C,D,A,E
286168.0,B,A,B,A,B,A,B,B,C,D,A,B,C,B,B,B,B,D,B,D,C,B,C,D,A,D,B,D,A,D
292740.0,B,A,B,A,B,C,B,B,C,D,D,D,C,B,A,B,A,D,B,D,B,A,B,C,A,C,B,D,A,A
299327.0,B,C,C,A,B,A,B,A,C,C,D,D,D,A,A,B,A,D,C,D,D,D,B,C,A,A,B,D,A,D
300234.0,B,A,C,A,B,A,B,A,B,C,B,D,C,A,A,B,C,D,A,C,C,B,B,D,A,A,C,D,A,D
301126.0,B,A,B,C,A,A,B,B,B,A,B,A,B,C,C,D,B,C,A,C,C,C,C,D,B,C,B,D,B,C
301613.0,B,C,A,C,C,A,B,C,A,B,C,C,A,D,C,A,C,B,A,D,A,A,D,D,D,B,C,B,C,E
302362.0,A,A,C,B,B,B,A,D,A,C,D,C,A,D,D,C,D,D,A,B,C,D,D,B,A,A,A,D,B,D
306151.0,A,A,C,C,A,B,B,C,A,A,D,C,A,C,A,A,D,C,A,C,A,A,D,C,B,D,A,C,D,A
307317.0,B,B,A,C,A,B,B,C,A,A,A,A,A,D,A,D,B,B,A,C,A,A,C,A,C,B,C,B,D,C
307718.0,C,C,C,C,C,A,C,B,A,D,B,D,D,B,C,D,C,D,C,D,C,B,A,D,A,C,D,C,A,A
309533.0,B,C,B,A,A,A,B,A,D,D,B,D,C,A,C,D,B,D,C,C,D,D,B,C,B,D,B,D,A,C
311119.0,B,A,B,A,B,B,B,A,B,D,B,D,D,A,A,D,A,D,A,C,D,B,A,C,A,C,B,D,A,A
314113.0,B,B,C,C,A,B,B,C,A,D,C,A,A,C,A,A,C,C,A,B,B,A,D,B,B,D,B,D,B,B
314294.0,B,A,C,A,B,C,B,A,A,A,D,B,B,C,A,D,C,C,A,C,B,A,C,D,A,D,C,D,C,A
314546.0,B,B,C,A,A,A,B,C,D,D,D,A,C,B,A,A,C,C,C,D,B,B,C,A,B,B,A,C,A,D
318188.0,B,B,B,A,C,A,B,B,C,D,D,D,C,B,A,D,B,D,C,C,D,B,B,D,A,C,A,D,A,B
320909.0,C,B,C,C,A,B,C,B,A,B,A,A,A,D,C,A,D,C,A,D,B,A,D,D,B,C,C,D,C,E
323087.0,B,A,C,A,A,A,B,B,C,D,B,D,C,C,B,B,A,D,C,C,C,B,D,C,B,C,A,C,A,B
326974.0,C,B,A,B,A,B,C,C,B,B,A,A,B,D,C,A,D,D,A,A,B,C,B,A,B,B,A,C,D,C
328024.0,B,C,C,A,B,A,B,B,C,D,B,D,D,A,B,D,A,D,B,C,C,D,A,D,A,C,D,D,A,D
329545.0,B,A,C,A,A,C,B,B,C,C,B,D,D,A,B,B,C,D,B,D,C,D,A,D,A,D,D,D,A,A
331946.0,A,B,C,A,B,C,A,A,D,C,C,D,D,B,A,B,B,D,D,D,C,B,A,B,A,D,C,D,A,A
332823.0,B,B,C,A,B,C,B,B,D,C,A,D,D,B,B,B,C,D,C,D,C,D,B,A,A,A,B,D,B,D
333476.0,B,C,C,C,A,B,B,C,B,B,D,C,B,D,C,A,D,D,A,D,A,B,D,A,B,B,A,D,C,A
336522.0,C,A,A,C,A,B,C,B,A,B,D,B,A,D,C,A,C,C,A,C,A,C,D,D,C,C,D,C,C,A
339573.0,B,A,C,A,B,A,B,B,D,C,C,D,D,D,A,B,A,D,A,D,C,D,A,C,A,B,A,D,A,D
345438.0,B,A,C,C,B,B,B,B,A,B,D,A,B,D,C,D,C,B,A,D,A,C,B,A,C,D,C,D,D,E
347425.0,C,B,C,C,C,B,C,B,A,B,A,A,A,D,C,D,C,A,A,C,A,A,C,D,B,B,C,D,C,E
600689.0,A,B,B,A,B,C,A,A,D,D,A,D,C,D,B,B,C,C,C,D,D,D,D,D,A,A,A,D,A,D
601754.0,B,B,A,C,A,B,B,B,B,B,D,C,B,C,A,A,C,B,B,B,B,C,D,D,B,B,B,C,C,A
603607.0,B,A,C,C,A,B,B,C,A,B,B,C,A,A,B,D,D,C,A,C,A,A,D,B,A,B,B,D,D,E
605512.0,C,B,C,C,C,B,C,D,B,D,C,C,A,B,C,C,C,B,A,B,C,D,C,B,A,D,C,D,C,A
610638.0,B,C,B,A,A,A,B,B,C,D,B,B,C,A,A,B,C,D,B,D,B,B,A,A,A,C,D,D,A,A
610897.0,A,B,C,C,A,B,A,B,A,B,A,C,B,D,A,B,C,C,A,C,B,A,D,D,C,B,C,D,C,E
612280.0,B,A,C,C,B,B,C,C,A,B,B,C,A,C,C,C,D,C,A,A,C,B,D,C,A,A,A,D,A,B
613070.0,B,A,C,A,B,A,A,B,B,D,A,D,D,A,A,B,A,D,B,C,D,B,B,A,A,D,B,D,A,B
613259.0,B,B,C,C,A,A,B,C,B,B,D,C,B,D,B,B,C,D,A,D,B,A,D,B,B,B,D,D,B,A
613898.0,B,C,C,A,A,A,B,B,B,D,C,A,A,C,A,B,B,C,B,D,B,A,C,D,B,C,B,C,B,A
614506.0,A,B,A,C,B,C,B,A,D,C,D,B,C,A,D,B,A,C,C,D,C,D,A,A,A,A,B,D,A,D
614833.0,B,A,C,A,B,A,B,B,B,D,A,B,B,C,B,B,B,D,A,C,B,B,B,C,A,C,D,D,B,A
615441.0,B,B,B,A,A,A,C,B,A,D,D,A,C,B,B,A,D,D,A,D,B,A,C,A,A,B,C,A,B,C
615641.0,B,B,C,C,A,B,B,C,C,A,D,D,D,A,B,C,D,B,B,C,C,D,A,B,A,D,A,D,A,D
615814.0,A,A,B,C,B,C,A,A,B,B,C,D,A,A,A,D,A,D,A,C,C,B,B,B,A,B,B,D,A,D
616855.0,B,B,C,A,A,A,B,A,C,D,C,D,D,A,D,D,B,D,B,C,C,B,A,A,A,C,A,D,A,D
617352.0,B,A,C,C,B,B,B,B,B,D,A,B,B,B,B,B,C,C,A,C,C,B,C,D,A,C,A,D,B,B
617371.0,B,A,C,C,B,A,B,C,D,D,B,A,C,A,B,A,B,D,C,D,C,B,D,D,B,C,C,D,A,D
618556.0,B,B,B,A,B,A,B,B,B,D,D,D,C,B,B,A,B,D,B,D,C,A,A,D,A,C,D,D,A,C
618613.0,B,B,C,B,A,A,B,C,A,A,D,B,C,D,A,A,C,B,A,D,A,A,D,D,C,C,B,D,C,C
619157.0,B,A,C,C,B,A,B,A,D,D,C,D,C,A,D,B,A,D,C,D,C,D,B,A,A,D,A,D,A,D
619440.0,C,B,A,C,C,B,C,C,A,B,D,C,A,D,C,B,C,B,A,C,A,A,D,D,D,C,C,B,C,E
622765.0,B,C,C,C,B,C,B,C,C,C,D,D,D,A,A,A,B,B,B,C,A,D,A,B,A,A,A,D,A,D
623624.0,B,C,C,C,A,A,B,B,C,D,D,A,C,A,A,B,A,D,C,D,C,B,B,D,B,C,D,D,B,A
624754.0,C,B,A,C,C,B,C,C,A,B,D,C,A,D,C,D,C,B,A,C,A,A,D,A,C,B,C,C,C,E
625291.0,B,B,A,C,A,B,B,C,A,B,A,D,B,D,C,B,C,B,A,C,A,A,D,C,C,B,C,B,C,E
630736.0,A,A,C,A,B,C,B,B,C,C,C,D,D,A,D,A,B,D,B,D,D,B,D,C,A,A,D,D,A,D
631050.0,B,C,C,C,A,C,C,B,C,C,C,D,B,B,D,A,A,D,B,B,C,B,A,A,A,C,D,D,A,A
636675.0,B,C,A,C,C,B,B,C,A,D,C,C,B,B,A,A,A,B,C,D,B,B,D,C,B,B,C,B,C,E
637024.0,C,B,C,C,A,B,C,C,A,B,C,A,A,C,B,C,C,B,A,B,B,A,D,A,C,D,B,C,C,A
639484.0,A,B,C,A,A,A,B,A,D,C,D,D,C,A,B,C,B,D,C,B,C,B,B,D,A,D,B,D,A,A
642208.0,A,B,B,A,A,C,A,B,C,C,D,D,C,B,A,B,C,D,C,D,C,B,B,B,A,D,D,D,A,A
642576.0,B,B,C,A,A,A,B,B,A,C,A,A,B,B,A,B,C,C,B,C,C,C,A,D,A,C,B,D,B,A
644610.0,B,B,A,C,A,A,B,C,B,D,D,B,B,A,A,B,B,C,B,D,A,D,B,D,A,A,D,D,A,B
645149.0,B,A,C,C,A,B,B,B,B,D,C,B,A,C,B,B,C,C,A,D,B,B,B,B,A,C,B,D,B,B
649120.0,B,B,C,C,A,B,B,B,B,B,A,C,A,C,C,B,D,C,A,D,A,C,C,A,B,B,C,D,C,E
649614.0,A,A,C,A,B,C,B,A,B,C,B,D,C,B,D,B,C,D,B,C,C,B,A,B,B,D,B,D,A,B
649944.0,B,B,B,C,B,A,C,C,C,A,C,C,B,B,B,B,D,B,A,B,A,D,D,A,B,B,B,D,D,A
650249.0,B,A,C,A,A,B,B,B,A,A,B,D,B,C,C,D,C,D,A,C,B,A,D,D,A,B,D,B,B,A
651697.0,B,B,B,A,A,B,B,B,A,A,B,A,B,D,A,C,C,D,A,C,C,A,C,D,B,B,A,D,C,A
652059.0,B,C,A,C,A,A,C,C,B,A,D,B,B,B,A,B,C,C,A,C,B,B,C,D,C,C,C,C,C,C
652882.0,B,B,C,C,B,A,B,C,B,A,D,B,B,B,A,C,B,B,A,B,C,A,C,A,B,D,B,C,C,A
653477.0,A,B,C,C,A,A,A,B,C,D,A,D,C,B,D,B,A,C,C,D,C,D,B,A,A,A,B,D,A,D
654117.0,B,A,C,A,B,C,C,B,A,D,D,D,B,B,A,D,D,D,B,C,C,B,B,A,A,D,B,D,A,A
655082.0,A,A,C,C,A,B,B,C,A,B,B,C,A,D,C,B,D,B,A,D,A,B,D,D,D,B,C,D,D,E
655088.0,A,B,C,A,B,C,B,A,B,C,A,D,C,B,B,B,C,D,B,D,C,D,A,D,A,D,D,D,A,D
656310.0,B,B,C,A,B,C,B,B,D,D,D,D,D,B,A,A,B,D,D,D,C,D,B,B,A,A,D,C,A,B
656695.0,B,A,C,B,B,C,B,B,C,D,A,D,B,A,D,D,B,D,B,C,C,D,A,D,A,D,A,D,A,D
656857.0,B,B,A,C,B,B,B,B,A,B,C,A,B,D,A,A,C,B,A,D,B,A,C,B,B,B,B,D,C,E
656890.0,A,B,C,A,C,C,A,B,D,C,D,D,C,B,D,D,C,C,C,D,C,D,A,D,A,D,A,D,A,D
657074.0,B,B,C,C,A,A,C,B,B,A,B,B,B,C,B,B,C,C,A,C,C,B,B,C,A,D,B,D,A,B
657234.0,B,B,A,C,A,A,B,B,A,D,B,A,C,C,C,D,C,C,B,C,B,A,C,A,C,B,C,B,C,E
657883.0,B,C,A,C,C,A,B,C,A,D,C,B,A,C,A,A,D,B,C,B,C,B,D,B,C,D,C,D,B,D
658476.0,B,C,A,C,A,B,B,C,A,A,C,C,A,A,C,A,B,A,A,B,C,D,B,B,A,A,B,D,B,E
659057.0,B,B,B,A,B,A,B,B,D,D,A,D,B,B,D,D,B,B,B,C,D,D,B,D,A,B,A,D,A,D
659101.0,B,B,A,C,A,B,B,C,A,B,D,C,A,D,C,B,C,A,A,D,A,C,D,D,D,B,C,C,C,E
659504.0,B,B,B,A,A,A,B,A,B,D,A,D,B,B,D,B,A,D,B,D,C,A,B,C,B,A,C,D,A,B
661819.0,A,C,A,C,B,B,C,C,A,B,C,C,A,D,D,A,C,C,A,C,A,A,C,B,C,A,B,B,B,D
661903.0,B,A,C,C,A,B,B,B,A,A,A,A,A,B,C,B,C,D,A,C,A,A,D,A,B,C,B,B,C,B
662256.0,C,B,A,C,A,B,C,C,A,D,B,C,B,C,C,B,B,C,B,C,B,C,D,D,B,C,C,B,B,A
664150.0,A,B,C,C,A,B,A,C,A,B,A,C,A,D,C,B,C,B,A,B,A,A,A,A,B,B,A,D,C,A
664419.0,B,B,C,C,A,B,C,C,A,B,D,C,A,C,A,B,D,C,B,D,A,A,C,D,C,B,B,B,C,A
664445.0,B,C,A,A,A,B,B,C,A,B,C,C,B,C,C,C,B,C,B,D,B,A,D,B,C,B,C,C,C,A
665309.0,B,A,C,A,B,C,B,A,C,C,B,D,D,A,A,D,A,D,B,C,C,D,B,C,A,C,B,A,A,D
665861.0,B,A,C,A,A,C,B,B,C,C,C,D,C,A,C,A,A,D,B,D,C,D,B,C,A,A,B,D,A,D
666898.0,A,B,B,C,C,B,A,A,A,B,B,C,A,C,A,D,C,C,A,C,C,B,D,B,A,D,B,C,C,E
669822.0,B,A,A,C,A,B,B,C,B,B,B,C,A,D,A,C,C,D,A,D,B,A,D,D,C,B,A,D,C,E
672507.0,B,B,B,A,B,C,A,A,D,C,A,D,B,C,C,B,A,D,B,D,D,A,C,D,A,C,B,D,B,A
672902.0,B,B,B,B,B,B,B,D,B,B,C,D,A,D,D,C,D,D,A,B,C,D,C,B,A,A,A,D,A,D
673096.0,B,A,C,C,A,A,B,A,A,B,D,C,A,D,C,A,B,C,A,D,B,A,D,A,B,B,C,D,D,E
673327.0,B,C,C,C,B,A,B,A,D,A,D,D,C,A,C,B,A,C,B,D,C,D,B,B,A,D,B,D,A,D
673466.0,B,C,C,A,B,B,B,B,D,D,D,D,C,A,D,B,C,A,A,D,C,A,B,A,A,A,A,D,A,D
673644.0,B,C,B,B,A,C,B,B,D,C,A,D,D,A,C,B,B,D,D,D,C,D,A,A,A,B,D,D,A,D
673888.0,C,B,B,C,C,A,C,D,A,A,C,A,A,D,B,A,C,C,B,B,A,B,D,D,B,B,C,D,A,E
674200.0,B,B,C,C,A,C,B,C,A,D,A,D,B,B,B,C,A,D,B,D,B,C,C,D,A,B,C,D,B,A
674254.0,C,A,A,C,C,B,C,C,A,B,D,A,A,D,C,D,C,B,A,C,A,A,C,C,D,B,C,C,C,E
675411.0,B,B,B,A,A,A,B,A,D,C,A,D,C,B,D,B,A,D,B,D,D,D,B,A,A,B,A,D,A,B
675879.0,A,B,A,C,C,B,B,D,B,B,C,C,A,A,A,A,D,C,A,D,A,C,D,B,D,B,C,D,A,D
677479.0,B,B,C,A,A,A,B,C,B,D,B,A,B,D,C,A,A,D,B,D,B,A,D,A,C,D,C,D,A,E
678920.0,C,B,C,C,A,A,B,B,B,D,D,D,B,B,A,D,D,C,A,D,C,B,C,B,A,B,D,D,A,D
679496.0,B,A,A,B,B,B,A,B,A,B,A,A,B,A,C,B,D,D,B,D,A,B,D,A,B,B,A,A,D,B
680547.0,A,B,C,B,A,B,A,A,B,A,B,C,B,C,D,D,C,D,B,D,C,A,C,B,B,A,A,D,C,D
681508.0,A,B,A,A,A,C,A,C,C,A,C,C,C,A,B,C,A,A,A,D,A,D,A,D,A,B,C,A,A,A
682887.0,B,B,C,A,B,C,B,C,C,C,D,D,C,A,D,C,C,A,B,B,B,D,A,D,A,A,A,D,A,D
684084.0,A,B,B,C,C,B,A,C,A,B,B,C,A,D,D,D,D,D,A,D,A,D,A,B,A,A,A,A,D,E
684102.0,B,B,C,C,A,B,B,B,B,B,A,A,B,D,A,D,C,A,A,C,A,A,D,C,C,B,B,C,C,C
684312.0,B,B,C,C,A,B,B,B,B,B,D,C,B,C,A,C,A,C,A,D,A,A,A,B,B,C,B,B,C,E
686429.0,B,B,C,A,B,A,B,B,C,D,D,D,C,B,D,B,B,D,B,D,C,D,A,D,A,C,B,D,A,B
687497.0,B,A,C,A,B,C,C,C,A,C,D,C,A,A,A,C,A,B,A,A,A,D,A,D,D,B,D,A,A,C
687555.0,B,B,C,C,C,C,B,B,B,C,D,A,B,A,A,D,C,A,A,D,C,A,D,C,B,C,B,D,B,A
688489.0,A,A,C,C,A,A,B,C,A,A,C,A,B,D,D,A,C,D,A,D,B,B,D,C,B,D,D,D,D,A
688518.0,C,B,B,C,A,A,C,B,B,A,C,A,C,A,B,A,A,C,B,D,C,C,A,D,B,C,B,D,A,A
688663.0,C,C,C,A,A,C,C,B,B,C,C,B,B,A,A,A,C,D,B,B,C,A,B,B,A,D,C,D,A,B
689031.0,B,A,A,C,A,A,B,B,B,C,D,B,B,D,C,B,C,D,B,D,C,C,B,A,A,A,B,D,C,D
690122.0,C,C,C,A,A,A,C,A,C,D,A,D,B,C,A,B,B,D,B,D,C,A,B,D,A,B,B,D,B,A
690139.0,B,B,C,C,C,A,B,C,A,D,A,C,A,D,A,A,D,C,A,D,A,B,D,C,B,C,D,C,C,C
690323.0,C,C,C,C,A,A,C,B,C,D,A,A,B,B,A,B,B,D,B,D,C,B,B,D,B,A,B,D,B,A
690413.0,A,B,B,A,B,C,B,A,D,C,A,D,D,A,D,B,A,D,A,C,B,B,A,A,A,B,A,D,A,D
690640.0,B,B,A,C,A,A,B,C,A,A,A,A,A,D,A,B,C,D,A,D,B,B,C,A,A,C,D,D,C,C
691647.0,B,C,C,C,B,B,B,C,B,A,A,C,B,D,B,D,C,D,A,D,B,D,C,B,A,A,B,D,C,B
692221.0,B,A,C,C,A,A,B,B,B,D,A,D,B,B,B,B,B,C,A,C,D,A,B,A,A,C,A,D,A,A
692611.0,C,A,C,B,C,B,B,C,C,C,D,A,B,A,B,A,C,C,C,D,A,D,A,B,A,C,A,D,A,D
694952.0,C,A,A,C,A,B,B,B,C,B,A,C,B,D,B,D,C,B,A,C,A,A,D,C,C,B,B,D,D,A
696037.0,B,C,C,B,B,A,C,A,B,A,D,D,B,A,C,B,A,D,A,C,C,A,A,C,A,C,B,D,A,D
697516.0,B,B,C,A,B,A,C,B,C,A,D,D,B,A,C,B,B,C,A,D,D,B,B,D,B,A,A,D,A,C
697622.0,B,C,A,C,C,C,B,B,A,C,B,C,A,D,C,B,D,D,C,C,B,C,D,B,A,B,C,D,C,A
697870.0,A,B,C,B,A,B,A,B,B,B,D,C,A,B,B,B,C,C,A,C,A,A,D,D,B,A,A,C,D,A
698713.0,B,B,A,C,C,A,B,B,A,D,D,B,A,B,B,B,B,C,C,C,B,B,D,D,B,B,C,D,B,A
699014.0,A,A,A,C,A,A,B,A,C,D,D,D,B,A,C,D,B,D,B,C,D,B,B,C,A,A,D,D,A,A
699085.0,A,B,A,B,A,B,B,C,B,B,A,C,B,D,A,C,D,B,A,A,B,B,C,A,B,C,B,B,D,D
699479.0,B,A,C,A,B,C,B,A,D,C,B,B,B,C,A,D,A,C,C,C,C,A,B,A,A,B,A,D,A,D
699679.0,B,B,C,A,B,C,B,B,C,D,D,D,C,B,B,B,B,D,D,D,C,B,B,A,A,B,B,D,A,D
699682.0,A,C,C,A,C,B,A,C,B,B,C,C,A,B,A,A,D,D,A,B,A,A,C,B,A,B,C,C,D,A
700475.0,B,B,C,C,C,B,B,B,A,A,D,A,A,C,B,D,B,D,A,C,B,C,D,D,B,B,B,D,C,B
701125.0,B,A,C,B,B,B,C,C,B,A,D,C,A,C,A,C,C,D,B,B,C,B,C,D,A,A,A,D,B,D
702891.0,C,B,A,C,A,B,C,B,B,A,C,C,A,B,C,A,D,C,A,D,C,B,B,C,A,C,B,D,B,A
703882.0,B,B,C,B,A,B,B,C,B,A,C,C,B,B,A,C,C,C,A,D,A,A,A,B,B,C,D,D,B,C
704352.0,B,B,B,A,C,C,B,A,B,C,D,D,D,B,B,B,C,D,A,D,C,D,C,B,A,B,C,D,A,D
705843.0,B,B,C,A,A,B,B,B,A,D,D,C,C,D,C,A,C,C,A,B,A,A,D,A,B,D,D,D,C,A
706103.0,C,A,A,C,C,B,C,C,A,A,A,A,A,D,C,A,C,C,A,D,B,A,D,C,C,B,D,D,C,C
706169.0,B,B,A,C,C,A,B,D,A,D,D,C,A,C,B,A,C,B,B,B,D,A,B,C,D,B,D,B,B,C
707092.0,B,A,C,C,C,B,B,C,A,A,D,A,A,D,A,C,C,C,A,A,A,C,D,B,B,B,D,D,C,E
707466.0,B,A,A,C,C,B,B,C,A,A,C,C,A,D,C,C,C,B,A,B,A,C,D,D,D,B,C,B,C,E
707619.0,A,B,B,A,A,C,A,B,C,D,D,B,D,A,B,C,C,C,B,A,C,D,A,B,A,B,A,D,A,D
707685.0,B,B,C,C,B,A,B,B,A,D,A,B,C,A,C,B,B,C,B,C,C,A,A,C,A,C,C,D,A,A
708280.0,B,A,C,A,A,A,B,B,B,A,D,A,B,B,A,A,C,D,A,C,C,B,C,C,A,D,B,D,B,D
710746.0,A,C,A,C,B,B,B,A,C,A,B,B,B,A,A,B,B,D,A,C,C,B,A,B,A,D,B,D,A,E
711028.0,B,A,A,C,A,B,C,B,A,B,A,A,A,D,A,B,C,D,A,C,B,A,B,D,B,D,C,D,C,C
711429.0,B,B,B,B,A,B,B,B,C,D,A,B,B,C,B,A,C,C,A,B,C,A,C,A,C,C,B,C,C,B
711503.0,A,B,B,A,A,A,A,A,C,A,A,B,C,A,A,B,B,C,C,C,C,B,A,B,B,D,D,D,B,B
713150.0,B,A,C,A,B,A,B,B,C,C,C,D,D,A,A,D,C,C,B,C,C,B,B,C,A,C,B,D,A,B
714240.0,C,C,C,C,B,B,C,B,A,D,C,D,A,C,D,B,D,C,B,D,C,D,D,A,B,A,A,D,A,D
714617.0,A,B,A,C,B,C,B,C,D,D,D,A,A,B,D,A,C,C,B,B,C,A,B,A,B,B,A,D,A,D
715486.0,C,B,C,A,B,C,C,B,C,C,C,D,D,A,A,B,C,D,D,B,C,D,D,B,A,A,B,D,A,A
716429.0,A,C,C,A,B,C,A,A,D,C,A,D,D,B,B,B,C,D,A,D,C,B,B,D,A,C,B,D,A,A
717297.0,A,C,C,A,A,A,B,B,B,C,A,D,C,C,C,B,C,D,B,B,C,C,C,A,A,C,A,D,A,B
721507.0,B,B,C,C,A,B,B,B,A,A,D,A,C,C,B,A,C,C,B,B,B,B,D,A,B,B,B,B,B,E
722222.0,B,A,C,B,B,C,A,A,C,D,A,D,B,A,B,A,C,D,A,C,C,B,B,A,A,B,A,D,A,B
722225.0,B,C,C,B,A,A,B,B,A,A,D,A,B,C,A,B,C,C,A,D,C,B,C,D,A,C,D,D,C,A
724524.0,B,C,C,C,A,A,B,C,A,A,D,C,B,C,C,B,C,C,A,D,A,A,D,B,C,B,C,C,C,E
724895.0,A,A,B,A,B,C,B,B,B,C,B,D,B,A,D,B,A,D,A,D,C,D,B,C,A,A,B,D,A,D
726699.0,B,B,B,A,B,A,B,A,B,D,B,D,C,C,A,D,B,C,B,C,C,B,B,B,B,C,B,C,A,A
201501116284.0,B,C,A,C,A,B,C,C,A,B,D,C,B,C,C,A,C,B,A,C,B,C,B,D,C,B,D,A,C,E
201501116636.0,B,A,C,A,A,A,B,A,C,D,B,D,D,A,B,B,C,D,A,D,C,B,B,C,A,A,B,D,B,B
201501118947.0,A,A,B,B,B,A,C,B,A,A,B,B,B,A,D,D,D,D,A,C,C,D,C,B,A,A,A,D,A,D
201501119723.0,A,A,C,A,B,A,A,B,C,C,D,D,C,B,C,B,A,D,C,D,C,B,B,A,A,D,B,D,A,D
201501120917.0,B,A,A,C,B,B,B,B,A,B,A,A,A,D,A,C,C,A,A,D,A,A,D,B,B,D,D,D,C,A
201501123118.0,C,B,C,A,B,A,C,B,C,A,C,A,B,C,A,C,D,C,A,D,D,A,C,C,C,D,B,D,C,B
201501123756.0,C,A,C,C,B,A,C,A,B,D,A,B,B,B,A,D,B,D,B,C,D,A,D,A,A,D,A,D,A,B
201501126872.0,C,C,B,C,C,A,B,C,A,A,A,B,B,D,D,B,D,C,B,D,A,B,D,A,C,C,C,D,C,A
201501129502.0,B,A,B,A,A,C,B,A,C,C,D,D,C,A,A,D,B,D,B,C,D,D,C,A,A,B,A,D,A,A
201501131825.0,B,A,A,C,C,A,B,D,B,D,C,C,A,D,C,C,D,B,B,B,A,A,D,B,C,D,C,D,C,E
201501136088.0,B,B,A,C,A,B,B,B,B,B,D,A,A,B,A,B,D,D,B,C,C,B,C,A,A,B,B,D,B,C
201501136478.0,B,B,C,A,B,C,B,C,D,C,D,D,C,A,A,C,B,D,D,D,C,D,B,B,A,A,A,D,A,D
201501136603.0,B,B,C,C,A,B,C,B,A,B,A,A,A,C,B,D,D,B,A,C,A,A,D,D,B,C,D,B,C,C
201501137331.0,B,A,C,C,A,B,B,B,A,B,C,A,A,D,C,B,D,D,A,B,A,B,A,C,B,D,B,D,D,E
201501141484.0,C,B,C,C,A,B,C,C,A,A,D,C,B,D,C,B,C,B,A,C,A,C,D,D,C,B,C,D,C,E
201501173112.0,C,C,C,A,A,B,B,B,B,A,A,D,B,C,A,B,A,D,B,C,C,B,B,C,B,B,D,D,B,A
201501173352.0,B,C,B,A,A,A,B,A,B,D,B,D,B,A,D,D,C,C,A,C,C,D,A,C,A,D,B,D,B,B
201501175156.0,B,A,C,A,B,C,B,B,B,A,D,D,D,A,A,A,B,D,C,C,B,B,B,D,B,A,A,D,A,B
201501175652.0,C,B,B,C,A,B,C,C,B,B,D,D,A,B,D,B,C,B,A,C,A,A,D,B,A,C,B,D,C,E
201501176961.0,A,B,B,C,A,A,C,B,B,C,D,B,B,B,B,B,B,B,A,D,D,B,A,B,A,A,A,D,A,D
201501178474.0,B,B,C,A,A,B,C,A,A,B,D,C,C,D,C,C,A,C,C,C,A,A,A,C,A,B,C,D,C,E
201501179248.0,C,B,B,A,C,B,B,B,B,B,B,B,B,C,A,C,D,C,A,C,B,A,D,B,C,B,B,C,C,D
201501179962.0,B,C,B,C,B,A,B,B,C,D,C,B,C,A,B,B,C,C,A,D,D,B,B,C,A,A,B,D,B,A
201501181026.0,B,B,C,A,C,C,C,B,B,C,A,D,C,B,B,B,B,D,B,C,C,B,C,D,A,D,B,C,B,B
201501187034.0,A,A,C,A,A,C,A,B,D,C,A,B,B,A,B,B,A,D,B,C,C,B,A,D,A,D,B,D,A,A
201501187063.0,B,B,C,A,B,C,B,A,C,C,D,D,B,A,B,B,A,D,B,D,C,D,C,A,A,A,D,D,A,D
201501205091.0,B,A,C,A,A,C,C,B,B,C,A,A,C,C,C,B,B,D,B,B,D,D,B,A,A,A,B,D,A,E
201501208167.0,C,B,C,C,C,B,C,C,A,B,D,A,A,D,A,A,D,C,A,D,B,C,C,D,C,B,C,C,C,A
201501210328.0,A,C,C,A,A,C,C,B,C,D,B,D,D,B,C,A,B,C,B,D,C,D,B,D,A,D,D,D,A,A
201501210850.0,B,B,C,C,B,B,B,C,A,B,D,C,A,D,D,B,D,B,A,D,A,C,D,D,B,A,A,D,C,B
201501211143.0,C,B,A,A,A,A,C,B,C,C,D,B,C,A,B,C,A,C,B,B,D,D,A,B,A,B,B,D,A,D
201501213011.0,B,A,C,A,B,A,B,A,B,A,B,B,B,B,B,B,B,D,B,C,C,B,D,D,A,D,B,C,A,B
201501216631.0,B,C,A,C,B,B,B,C,B,B,B,C,A,C,A,B,D,C,A,D,A,B,B,B,B,D,A,D,D,A
201501218600.0,B,C,C,C,A,B,B,B,A,B,A,A,A,D,B,B,D,A,A,C,A,D,D,D,B,B,B,D,C,C
201501222530.0,B,C,C,C,A,C,B,C,B,D,C,A,A,C,A,A,C,C,A,B,B,B,C,D,B,D,D,B,B,A
201501224413.0,A,B,C,A,B,A,A,B,C,C,D,D,C,A,B,A,B,D,B,D,C,B,B,D,A,D,B,D,B,A
201501229169.0,A,B,C,B,C,B,B,C,A,B,B,C,A,C,A,B,D,C,A,C,A,A,D,B,A,B,B,C,D,E
201501229748.0,B,A,C,A,A,A,B,C,C,D,C,D,B,B,D,D,B,B,A,C,C,B,B,D,A,C,B,D,A,B
201501235637.0,C,C,B,C,B,A,C,B,C,C,A,B,B,A,C,B,D,C,A,C,D,B,C,A,A,A,B,D,A,A
201501266543.0,B,C,C,C,A,B,B,C,A,A,D,C,A,D,C,C,D,C,A,B,A,A,D,C,B,B,C,D,D,C
201501268222.0,A,C,B,A,A,C,B,A,D,C,B,D,C,A,D,B,C,B,C,C,D,B,D,B,A,A,D,D,A,D
201501272925.0,B,B,C,A,A,A,B,A,C,C,D,D,C,C,A,B,B,D,A,D,D,A,B,B,A,A,B,D,A,B
201501278363.0,B,A,B,C,B,A,B,B,C,D,B,D,C,B,A,D,C,D,B,D,C,D,B,A,A,D,A,D,A,D
201501282208.0,B,A,C,C,A,B,B,C,A,A,A,A,B,C,A,B,B,C,B,D,A,B,A,D,B,D,D,D,C,E
201501363221.0,B,A,A,B,C,B,B,C,B,B,D,D,A,B,C,C,B,C,B,A,A,B,C,B,A,D,C,B,A,E
201501487009.0,B,C,C,A,A,A,B,A,D,D,D,B,C,B,B,B,B,D,C,B,D,A,D,D,A,D,B,D,A,B
201501495540.0,B,B,C,A,B,A,B,B,B,D,C,D,C,B,B,B,C,D,B,B,C,B,B,C,B,C,A,D,A,A
201501600458.0,A,A,B,B,B,B,B,C,A,B,B,A,B,B,A,A,A,B,A,B,B,A,D,B,B,D,C,D,C,E
201501600878.0,A,C,A,C,A,B,A,C,D,A,C,C,A,A,D,B,C,D,A,B,A,A,D,A,A,B,B,D,A,D
201501602002.0,A,A,C,A,A,A,A,B,A,D,D,D,B,C,A,D,B,B,A,C,C,B,D,C,B,B,C,D,B,A
201501602912.0,A,C,A,C,A,B,B,B,C,B,D,C,A,B,D,A,C,C,A,B,A,C,D,D,B,A,A,D,D,D
201501603202.0,B,C,A,C,A,B,B,B,A,A,D,C,A,D,C,D,B,C,A,C,A,A,D,D,B,B,C,B,D,E
201501603687.0,B,A,C,C,B,B,B,B,A,B,C,D,B,C,A,A,C,A,A,C,A,B,B,C,B,D,A,D,D,A
201501603866.0,B,A,C,A,B,C,B,A,C,C,B,B,D,B,C,D,A,D,B,C,D,D,A,B,A,C,C,D,A,C
201501604382.0,C,B,B,A,A,A,C,C,C,D,D,A,A,C,A,A,D,C,A,D,B,A,D,A,C,B,C,D,D,A
201501604808.0,B,A,B,A,A,A,B,A,D,D,A,D,C,B,D,D,B,D,C,C,D,D,D,D,A,A,A,D,A,D
201501606569.0,C,B,B,A,B,B,C,A,B,A,D,D,B,C,D,B,B,D,A,C,A,A,D,C,B,C,C,C,B,A
201501607965.0,A,B,C,C,A,B,A,B,B,A,D,D,A,C,C,B,A,C,A,D,C,A,B,B,C,B,B,C,D,B
201501608920.0,B,B,C,C,A,B,B,B,A,A,A,C,B,D,A,B,D,D,A,D,A,B,B,B,C,C,C,B,D,E
201501608939.0,B,C,A,C,A,A,B,B,A,A,D,A,A,C,A,A,C,C,A,D,B,A,D,A,A,B,C,C,C,E
201501609318.0,B,B,C,C,A,C,B,C,B,C,D,B,A,B,D,D,B,D,B,D,C,C,D,D,A,D,A,D,A,B
201501609825.0,B,B,C,C,A,B,C,C,A,B,D,C,A,C,C,A,D,C,A,B,B,B,D,D,B,B,B,D,C,A
201501611912.0,B,C,C,B,A,A,C,C,B,D,D,B,A,B,D,B,C,D,A,B,C,D,D,B,A,A,A,D,A,D
201501613692.0,B,A,C,A,B,C,B,A,D,C,B,D,D,A,D,B,A,D,C,C,C,D,B,B,A,A,D,D,A,A
201501613977.0,B,B,C,C,C,B,B,C,B,B,D,A,A,C,C,A,C,B,A,C,A,A,C,A,B,B,D,B,B,C
201501614900.0,B,C,C,C,A,A,B,B,C,D,C,D,A,B,A,B,B,D,B,D,C,A,A,D,B,C,D,D,A,B
201501615624.0,B,A,C,A,A,C,B,B,B,C,A,D,C,B,A,C,B,B,B,B,B,D,B,A,A,D,B,D,A,B
201501616464.0,B,B,B,B,C,A,A,C,B,A,D,A,C,B,B,B,C,A,A,B,D,B,C,B,C,D,A,D,A,C
201501616873.0,B,B,C,C,A,B,C,C,A,B,D,C,A,B,D,B,D,A,A,C,A,A,D,B,C,B,A,D,D,E
201501618307.0,B,A,C,B,A,A,B,C,B,D,D,A,A,B,A,C,C,C,A,A,C,B,C,C,A,A,A,D,C,B
201501620202.0,B,C,A,C,A,B,B,C,B,B,A,C,B,D,C,D,D,A,A,C,A,A,D,C,C,B,C,B,D,E
201501620631.0,C,B,C,C,A,B,C,B,A,B,C,A,B,D,A,D,C,C,A,C,A,C,D,D,C,C,C,C,C,E
201501620940.0,C,B,C,C,A,A,C,C,B,D,B,A,B,D,A,B,C,C,B,B,A,A,D,B,C,C,D,D,C,E
201501622506.0,A,B,B,C,A,C,A,B,D,C,B,A,B,A,D,C,B,D,B,D,C,B,C,B,A,B,B,D,A,D
201501623001.0,B,B,B,C,C,B,B,B,C,A,D,A,A,A,C,C,B,C,A,B,C,A,B,B,A,A,C,D,A,A
201501623142.0,B,A,B,A,B,C,B,A,D,C,C,D,C,A,A,D,A,D,C,C,C,D,A,B,A,D,C,D,A,A
201501623519.0,B,A,C,C,C,A,B,C,A,D,C,B,C,C,C,A,D,B,A,B,B,C,D,A,D,B,C,B,C,C
201501624709.0,C,B,C,A,A,A,C,A,C,A,D,D,C,B,B,B,B,D,A,D,C,B,B,B,A,B,D,D,B,C
201501625134.0,C,C,C,C,A,B,B,C,B,B,D,A,A,D,B,D,D,D,A,B,B,D,D,A,B,B,B,D,B,D
201501626706.0,B,C,C,C,A,A,B,C,A,C,C,B,A,B,C,C,A,D,A,B,C,B,C,B,B,B,A,D,A,B
201501627067.0,C,B,A,C,A,B,C,C,B,A,C,C,A,D,C,C,C,C,A,B,A,A,D,B,B,C,D,B,C,E
201501627803.0,B,B,A,C,C,B,B,B,A,B,D,C,A,C,C,B,C,B,B,C,A,C,D,D,C,B,B,C,C,E
201501637936.0,B,C,B,A,B,C,B,A,D,A,B,D,D,A,D,D,A,D,B,C,C,D,D,A,A,B,B,D,A,D
201501640302.0,C,C,C,C,C,B,B,D,A,A,D,C,B,B,A,A,D,C,A,D,B,A,B,B,B,C,B,C,B,A
201501641816.0,B,C,A,C,A,B,B,B,A,A,D,C,B,D,A,C,D,C,A,D,B,B,C,A,B,B,D,D,C,E
201501644026.0,B,B,C,A,B,C,B,A,C,C,A,A,C,D,D,B,D,D,C,C,D,B,C,B,B,B,B,C,A,B
201501644301.0,B,B,C,A,A,B,B,A,A,B,A,D,B,C,A,D,D,A,A,C,B,A,C,A,B,B,C,D,C,C
201501647619.0,B,C,C,C,B,A,B,B,B,A,A,D,A,B,A,A,B,D,B,B,C,D,B,D,A,A,C,D,A,D
201501648255.0,B,A,C,C,C,B,B,B,A,B,D,A,B,C,C,C,C,A,A,A,A,A,D,B,C,B,C,D,C,E
201501649465.0,B,C,A,A,A,B,B,C,C,A,A,A,B,C,D,B,B,B,A,C,B,B,B,A,A,C,D,C,B,D
201501651616.0,C,B,A,C,C,B,C,B,A,B,D,C,A,D,C,D,D,B,A,D,A,C,D,D,C,B,C,B,C,E
201501652117.0,B,C,A,C,C,A,C,D,A,A,C,B,A,D,C,C,C,C,A,B,A,A,D,A,C,D,C,B,C,E
201501655063.0,C,B,C,A,A,A,B,B,C,D,A,A,C,C,A,A,C,D,B,B,C,B,B,D,B,C,A,D,B,B
201501656898.0,A,A,C,A,A,C,B,B,C,A,A,D,D,A,D,B,B,D,B,C,B,B,B,D,B,A,B,D,A,D
201501656958.0,B,B,C,C,A,B,C,B,A,D,A,A,A,C,C,B,C,D,B,D,B,A,D,A,C,C,C,D,C,E
201501675794.0,B,B,C,C,A,A,B,A,A,D,A,A,B,C,C,B,C,C,A,C,C,A,C,B,B,D,C,C,C,A
201501676042.0,B,A,C,C,A,A,B,C,C,D,C,A,B,C,A,D,B,D,B,C,C,B,C,A,B,A,A,D,B,A
201501676243.0,B,B,B,C,C,B,C,C,B,B,D,A,A,C,C,A,C,C,B,D,B,A,B,B,D,C,B,C,B,E
201501677751.0,C,B,C,C,C,B,C,B,B,B,C,C,A,A,C,D,D,B,B,C,B,D,D,C,B,B,D,D,A,D
201501677921.0,A,B,C,A,A,A,B,B,C,A,A,B,B,B,C,B,D,D,B,B,C,B,C,B,B,B,B,C,C,B
201501678530.0,B,B,C,A,A,B,B,B,B,A,B,B,B,D,D,D,C,D,A,C,A,B,A,A,A,D,A,D,C,B
201501678722.0,C,A,C,B,B,B,C,C,A,A,D,C,A,D,C,A,B,D,A,B,A,A,D,A,C,D,C,D,D,E
201501679311.0,B,B,C,A,B,C,B,B,C,C,D,D,B,A,B,B,A,D,B,C,C,B,A,A,A,A,A,D,A,B
201501681333.0,C,C,C,B,B,A,B,B,C,C,A,C,C,D,D,D,C,D,B,D,C,A,D,A,A,A,A,D,B,A
201501681704.0,C,C,A,C,A,B,C,D,A,A,B,A,A,D,C,C,C,B,A,B,A,A,D,D,C,B,C,B,C,E
201501681893.0,C,B,A,C,A,B,C,C,A,B,A,C,A,D,C,C,D,A,A,C,A,A,D,D,B,B,C,D,D,E
201501682703.0,B,B,A,C,A,B,B,C,A,B,C,C,A,D,A,C,D,C,A,B,A,C,D,B,B,C,C,C,C,E
201501683144.0,C,C,A,C,C,B,C,D,A,B,A,C,A,C,C,B,C,A,A,C,A,B,C,A,B,C,C,D,B,E
201501683849.0,B,B,B,A,B,B,B,B,C,B,B,D,C,C,C,B,D,D,B,D,B,D,C,A,A,B,C,D,A,C
201501683916.0,B,B,C,A,A,C,B,A,B,C,C,B,B,A,A,B,A,D,B,D,C,B,B,C,A,B,C,D,A,D
201501686078.0,C,C,A,C,C,B,C,C,A,A,D,A,B,D,A,A,C,C,B,D,A,A,D,B,C,B,C,C,C,E
201501687662.0,B,B,C,A,B,A,B,A,C,C,D,D,C,C,A,D,A,D,C,C,C,B,A,B,A,B,C,D,B,A
201501688012.0,B,A,B,A,A,A,B,A,B,A,B,A,D,B,C,D,C,D,A,C,C,D,A,C,A,A,B,D,B,B
201501688342.0,B,B,C,C,A,A,B,B,A,A,D,B,B,D,A,D,D,D,B,C,B,B,C,B,B,B,B,D,B,B
201501688533.0,C,B,A,B,B,B,C,C,B,C,B,B,A,A,A,B,B,A,A,C,D,B,D,D,A,A,A,D,A,B
201501689077.0,C,B,A,C,C,B,C,C,A,B,D,C,B,C,C,A,C,B,A,D,A,B,D,B,C,C,C,B,C,E
201501689278.0,B,B,B,A,A,A,A,B,B,C,A,D,B,A,A,A,D,A,B,C,C,B,B,D,A,B,B,D,B,C
201501691275.0,C,A,C,A,C,B,C,B,A,D,A,B,B,B,D,B,B,B,A,D,A,A,D,D,B,C,C,B,C,E
201501691562.0,B,C,A,C,C,B,C,C,A,B,D,C,A,C,C,B,C,B,A,D,A,B,D,A,B,C,B,C,C,E
201501691806.0,B,B,A,C,C,A,B,B,A,A,D,C,A,D,C,B,C,C,B,C,B,A,D,C,B,B,D,C,C,C
201501692780.0,C,C,A,C,C,A,C,B,A,B,A,C,A,C,C,B,B,B,B,C,C,A,C,A,B,B,C,B,C,E
201501692813.0,B,A,B,C,B,A,B,A,B,B,A,D,C,A,A,B,A,D,A,C,D,D,D,B,A,D,A,D,A,D
201501694348.0,B,B,C,A,B,C,B,B,C,C,B,B,C,A,C,B,C,C,D,C,D,D,C,B,B,D,B,A,A,D
201501695233.0,C,B,C,C,B,A,C,B,A,D,A,B,A,B,D,B,B,D,B,D,C,B,B,B,A,C,A,D,A,D
201501696206.0,B,A,C,C,A,C,A,C,C,C,D,B,B,A,D,B,C,D,A,D,D,D,A,A,A,A,B,D,A,D
201501696643.0,A,A,C,A,B,A,B,B,C,D,C,C,C,C,A,A,C,D,A,D,C,B,B,C,A,D,B,D,B,B
201501696835.0,A,C,C,A,C,A,B,C,B,C,D,A,B,C,A,C,C,C,B,A,B,B,C,B,A,C,D,C,B,C
201501697631.0,C,B,A,C,C,B,C,C,A,B,C,C,A,A,C,C,A,A,A,D,A,C,D,B,C,B,C,A,A,E
201501697815.0,A,C,C,C,C,B,A,C,A,B,B,C,A,C,B,B,B,C,A,B,A,A,A,B,A,D,A,D,C,A
201501698070.0,A,C,C,A,B,A,B,B,C,C,A,D,D,B,B,D,A,D,B,C,C,B,B,A,A,C,B,D,A,B
201501699704.0,B,C,C,A,B,A,B,A,D,D,A,D,C,A,B,B,B,C,B,D,C,D,D,D,A,D,B,D,A,B
201501701072.0,A,C,B,A,A,B,A,B,A,C,D,C,B,D,A,D,D,D,A,C,C,B,B,B,C,B,C,D,C,A
201501725890.0,B,B,B,C,B,A,B,A,B,A,A,D,C,C,A,B,A,D,B,C,D,B,C,B,A,D,B,D,A,A
201501726018.0,B,A,C,C,B,B,B,B,A,B,A,A,A,D,A,B,C,D,A,C,A,B,B,C,B,D,A,D,D,A
201501726340.0,A,C,B,B,A,A,A,A,B,A,A,A,B,C,A,B,D,C,B,D,B,A,C,B,B,D,D,C,C,A
201501730234.0,B,C,A,A,A,A,B,C,B,D,B,D,B,C,A,A,D,C,B,D,B,B,B,D,B,B,B,D,C,D
201501731289.0,B,A,C,B,A,B,B,D,B,B,A,A,A,B,B,B,D,D,A,D,C,D,B,B,B,C,A,B,C,A
201501731455.0,B,A,C,C,A,B,B,D,A,B,D,C,A,D,C,B,B,D,A,D,A,A,D,B,B,C,D,D,A,A
201501732350.0,B,A,B,B,B,A,B,B,C,D,A,D,B,B,B,D,B,C,B,C,C,B,A,D,A,D,A,D,A,D
201501732670.0,A,C,C,A,B,C,A,A,D,D,A,D,C,B,D,D,B,C,C,C,C,D,B,D,A,D,A,D,A,D
201501733270.0,A,B,C,A,C,A,B,B,A,D,D,C,C,B,A,D,D,D,A,D,C,A,C,D,C,B,A,C,B,D
201501735861.0,B,C,A,C,C,B,B,C,A,B,D,C,A,C,C,C,C,B,A,B,B,C,D,B,D,B,C,B,B,E
201501735882.0,B,C,C,C,B,C,C,B,C,D,B,B,C,B,B,A,A,D,B,D,D,B,C,A,A,A,A,D,A,D
201501736864.0,B,B,A,C,A,A,B,B,A,A,C,A,C,C,C,B,C,B,B,D,B,B,C,B,B,C,C,B,C,A
201501737966.0,B,B,C,A,A,A,B,A,A,D,A,B,D,B,A,B,C,D,C,C,C,B,A,B,C,B,B,D,A,A
201501739207.0,B,B,B,C,B,A,B,A,C,D,A,D,C,C,A,B,B,D,B,C,C,B,B,B,A,D,B,D,B,A
201501739462.0,B,B,A,C,C,B,B,D,B,B,A,C,A,D,D,B,C,B,A,D,A,A,D,B,B,C,B,C,B,A
201501739890.0,B,B,C,C,C,A,B,C,B,D,D,B,B,A,D,C,B,A,B,B,C,C,A,B,C,B,B,D,A,D
201501793855.0,C,B,C,C,A,B,C,B,B,A,D,A,B,D,A,B,A,C,A,C,A,A,D,A,B,B,C,D,C,E
201701204112.0,A,C,B,B,A,A,B,B,B,B,A,D,B,C,A,D,C,D,A,C,C,B,C,D,B,C,D,D,B,B
201701218536.0,B,B,C,B,A,B,B,D,A,B,B,C,A,D,A,D,D,D,A,D,A,A,D,B,B,B,B,D,C,E
201701230788.0,B,A,C,C,B,B,B,B,B,A,A,D,B,B,B,D,A,C,B,C,C,A,C,D,A,C,B,D,A,B
201701239846.0,A,C,C,C,A,B,C,C,B,B,B,C,A,D,C,A,D,D,A,B,C,A,C,B,B,B,B,D,B,B
201701243839.0,B,C,C,A,A,C,A,A,C,C,C,D,C,D,C,D,A,D,C,C,D,A,D,C,A,D,B,D,A,D
201701248969.0,A,B,C,C,C,A,C,C,B,C,C,C,B,B,D,C,D,B,B,A,D,B,C,A,A,D,B,D,A,B
201701250933.0,C,B,C,A,B,C,C,C,B,C,C,B,B,B,B,A,B,C,B,B,D,D,D,C,B,D,B,D,A,B
201701251888.0,C,A,C,A,A,C,C,A,C,C,A,D,B,A,C,D,A,D,B,D,C,D,A,A,A,D,C,D,A,B
201701252988.0,B,B,A,A,B,A,B,C,B,D,A,A,B,B,A,A,C,C,B,D,C,B,C,B,A,D,B,B,B,C
201701266283.0,B,A,A,C,A,B,C,C,A,B,B,A,B,D,C,D,C,B,A,D,A,A,D,C,B,C,C,D,D,C
201701271927.0,B,A,A,C,C,A,B,C,A,D,A,B,A,D,B,B,C,D,A,C,B,A,D,A,A,C,C,D,C,D
201701274719.0,C,A,C,B,B,B,B,B,B,A,A,A,A,C,C,D,C,C,A,C,C,B,C,D,A,C,B,D,A,E
201701294216.0,B,A,B,A,B,C,B,A,C,C,B,A,B,A,D,C,C,D,C,B,D,A,A,B,A,A,A,D,A,D
201701294921.0,B,A,C,C,C,B,B,D,A,B,C,C,A,A,A,C,D,D,A,C,A,C,A,C,C,B,C,A,C,E
201701601003.0,B,B,C,A,A,C,B,B,C,D,D,D,C,B,A,B,B,C,C,B,D,B,B,A,A,C,A,D,A,A
201701601497.0,B,B,C,C,A,B,B,C,A,D,D,C,B,C,A,B,C,C,A,D,B,B,D,D,B,B,B,C,C,A
201701605955.0,B,B,C,C,A,B,C,C,A,B,C,C,A,D,C,C,C,D,A,D,D,A,D,B,C,B,C,A,A,E
201701607001.0,B,A,C,C,A,B,B,B,A,A,B,C,B,C,A,B,D,B,A,C,A,A,C,D,C,B,C,D,D,E
201701608387.0,B,A,C,C,B,A,B,C,A,C,D,D,A,D,C,C,A,D,B,B,D,A,A,C,A,A,A,D,A,A
201701611060.0,B,B,B,B,A,B,B,C,A,B,B,C,B,C,A,D,D,C,A,B,A,A,A,B,B,D,A,D,D,B
201701612937.0,A,A,B,A,B,A,A,B,C,D,B,B,C,A,B,B,A,D,A,C,C,A,A,D,A,A,A,D,A,D
201701613286.0,A,C,C,C,B,B,A,B,B,B,B,D,D,C,D,B,C,C,A,D,D,D,B,A,A,A,A,D,A,D
201701613524.0,B,B,C,A,B,C,B,A,C,C,A,A,B,A,B,B,A,D,B,D,C,A,A,D,A,D,B,D,A,B
201701616369.0,C,B,C,C,A,B,C,B,B,A,A,A,B,C,C,B,D,B,A,C,A,A,C,C,C,B,C,C,B,C
201701617953.0,B,C,C,C,B,C,B,A,C,D,D,D,C,A,B,B,B,D,B,C,C,D,A,A,A,D,B,D,A,A
201701619446.0,B,B,C,A,B,A,A,B,B,A,D,A,B,A,A,B,B,C,B,D,C,B,C,D,A,D,A,D,A,A
201701619463.0,B,A,C,C,A,C,B,C,A,C,D,C,A,A,C,D,A,A,A,C,D,C,A,D,A,B,A,C,A,D
201701621929.0,C,B,C,C,B,C,C,B,C,D,C,D,C,B,B,D,A,D,C,C,C,B,C,D,A,B,D,D,A,B
201701622238.0,B,B,C,A,A,B,B,B,C,A,A,D,C,A,A,A,C,D,B,C,C,B,A,A,A,A,B,D,A,B
201701622285.0,B,B,C,C,A,B,B,B,A,B,C,C,B,D,A,A,C,D,A,D,B,A,C,A,C,A,B,D,C,A
201701622914.0,B,B,B,C,A,B,B,B,A,B,D,A,B,C,C,B,D,C,A,C,A,A,B,D,B,C,C,C,D,E
201701628100.0,B,B,A,C,C,A,B,C,A,A,D,C,A,C,B,A,D,B,C,D,B,A,D,A,C,C,C,D,B,E
201701634066.0,B,A,A,C,A,A,B,B,A,A,A,C,A,D,C,D,C,B,A,C,A,A,B,D,B,B,C,B,C,C
201701634255.0,B,B,C,A,A,C,C,B,B,C,B,D,C,A,B,B,C,D,B,D,C,D,B,A,A,A,B,D,A,B
201701635779.0,A,B,B,A,A,C,B,A,D,D,C,D,D,A,A,A,B,D,D,D,B,B,B,C,A,C,B,D,A,D
201701636901.0,B,C,C,C,B,A,B,B,B,C,C,D,B,C,A,B,D,D,A,D,C,D,A,D,B,C,B,D,A,A
201701637121.0,B,B,C,B,A,C,B,B,D,D,A,D,C,A,A,A,B,D,B,B,C,B,B,D,A,C,C,D,A,B
201701640014.0,C,B,C,C,C,B,C,C,A,A,D,A,A,D,C,D,C,A,B,C,A,A,D,C,C,C,C,C,C,E
201701640523.0,B,C,A,C,A,B,B,D,B,B,D,C,A,C,A,A,D,B,A,D,A,B,D,A,B,B,D,C,C,A
201701642666.0,A,B,B,C,B,B,A,B,A,B,D,C,A,C,C,C,D,C,A,B,D,C,D,A,A,B,B,C,D,E
201701645957.0,B,A,C,C,A,B,A,C,A,B,D,C,A,D,A,A,C,D,A,D,A,A,A,C,A,D,B,C,C,A
201701646732.0,B,B,C,C,A,B,B,C,A,B,A,C,A,C,A,B,D,B,A,B,B,C,D,B,B,B,D,C,C,C
201701649728.0,B,A,C,C,A,B,B,C,A,B,A,C,B,B,A,A,D,B,B,B,B,C,D,D,C,B,B,C,B,A
201701651794.0,B,B,C,C,A,A,B,B,C,A,D,D,C,C,A,D,B,D,C,C,C,A,C,A,B,B,D,D,B,C
201701653417.0,B,B,B,C,A,A,B,B,A,A,A,A,A,C,C,B,C,C,B,D,C,B,C,B,B,D,B,C,C,C
201701658716.0,B,B,B,C,A,B,B,B,A,A,C,B,B,D,A,A,D,C,A,B,A,A,B,D,C,B,D,D,C,C
201701659002.0,B,A,B,A,B,A,B,C,A,B,B,C,A,D,A,B,D,C,A,D,C,A,D,B,A,B,A,D,C,D
201701659298.0,A,B,C,A,B,C,B,B,D,C,B,D,C,A,C,B,A,D,C,C,C,D,C,B,A,C,D,D,A,A
201701661123.0,C,B,C,A,A,A,C,C,C,C,C,A,C,A,C,B,A,D,B,D,D,B,A,B,A,A,D,A,A,C
201701663692.0,B,C,C,A,B,C,B,A,C,C,C,B,B,A,D,C,C,D,B,B,D,D,D,C,A,A,A,D,A,D
201701664888.0,B,B,C,C,A,B,A,C,B,B,A,C,A,D,A,B,D,C,A,D,B,A,D,A,B,B,A,D,C,D
201701665943.0,B,A,C,B,A,B,B,C,B,D,D,C,A,C,A,C,D,D,A,D,C,D,D,D,B,B,A,D,D,E
201701667233.0,B,B,C,C,A,A,B,B,B,D,D,A,B,C,A,B,B,D,B,D,C,A,D,D,C,B,B,D,B,A
201701668073.0,A,B,C,B,A,C,B,C,A,B,A,A,D,C,A,B,D,C,A,D,C,B,C,C,B,D,B,C,C,A
201701671858.0,A,B,C,C,B,B,B,B,D,A,D,B,A,C,D,A,A,C,A,B,C,A,C,C,B,B,A,B,A,D
201701675847.0,C,B,C,C,C,B,C,C,C,A,D,A,B,C,A,B,A,C,A,D,C,B,B,C,C,B,D,D,B,C
201701676912.0,B,B,C,C,A,B,B,D,A,A,D,C,A,D,C,B,D,B,A,D,A,A,B,D,B,C,C,D,C,E
201701677591.0,B,B,A,C,C,B,B,B,A,A,A,C,B,D,C,C,B,D,A,C,A,A,D,D,C,B,C,C,C,E
201701683292.0,B,C,C,A,A,B,B,C,A,D,A,A,B,D,C,D,A,C,A,C,A,B,C,A,B,A,D,C,D,D
201701684911.0,B,C,A,C,A,B,B,C,A,B,D,C,A,D,A,A,C,D,B,D,A,A,D,D,C,B,C,C,C,A
201701685004.0,A,A,C,A,B,C,B,C,B,C,B,A,C,B,A,C,D,D,A,B,C,D,D,B,A,C,A,B,D,A
201701687546.0,B,C,C,B,A,A,A,C,C,C,B,D,B,C,D,B,B,D,A,C,D,B,D,D,C,B,A,D,B,B
201701687851.0,B,B,A,A,A,A,B,B,B,D,C,D,C,A,D,B,B,C,B,C,C,D,A,C,A,C,B,D,A,A
201701693735.0,B,C,C,C,B,B,B,B,A,A,C,A,A,C,C,B,B,C,A,D,B,A,A,A,B,C,B,B,C,C
201701695007.0,A,B,A,C,A,B,A,D,A,A,C,A,B,C,C,D,C,A,B,C,A,A,D,C,C,B,D,D,B,B
201701696980.0,B,C,C,A,A,B,A,B,B,D,D,B,B,B,B,A,D,B,A,A,A,D,C,A,A,A,A,D,A,B
201701698256.0,A,B,A,C,A,B,B,C,A,B,C,C,A,D,B,B,D,C,A,D,A,A,D,D,B,D,A,B,C,B
201701706522.0,B,C,C,C,A,B,B,B,A,B,A,A,A,D,A,D,C,B,A,C,A,A,D,D,B,B,C,C,B,E
201701708734.0,C,C,A,C,C,B,B,C,A,B,C,C,A,D,C,B,B,B,A,B,A,C,D,A,D,B,C,C,B,E
201701711606.0,B,C,C,C,A,B,C,B,C,D,D,A,B,D,A,A,B,C,C,D,B,B,B,A,C,C,C,C,C,B
201701714612.0,C,B,A,C,C,B,C,C,A,B,D,C,A,D,C,B,C,B,B,D,A,C,C,A,C,B,C,B,B,E
201701715648.0,B,B,C,A,A,B,C,B,C,A,D,D,D,C,D,B,A,C,D,B,A,C,C,B,A,B,D,D,A,E
201701716802.0,B,C,C,A,B,C,B,A,B,C,A,D,B,A,C,D,A,D,B,C,C,B,B,B,A,D,B,D,A,C
201701719226.0,A,B,C,B,C,A,A,B,A,B,D,A,A,B,C,B,C,C,A,D,A,A,C,A,C,D,B,B,C,E
201701722580.0,A,C,A,A,A,A,A,A,A,C,D,D,C,A,C,B,C,D,B,C,C,C,B,D,D,B,D,D,A,D
201701724617.0,B,B,A,A,A,C,B,C,C,C,C,A,D,A,D,B,C,D,B,C,C,A,B,C,A,D,B,D,A,A
201701725880.0,A,B,C,C,A,A,B,B,A,D,B,A,B,C,A,B,C,D,A,C,C,D,D,A,B,C,C,D,B,B
201701729596.0,B,B,A,C,A,B,B,C,A,B,D,C,A,D,C,D,D,B,A,C,A,A,D,C,B,B,B,C,D,E
201801001376.0,A,B,C,C,B,A,A,B,B,D,A,A,A,B,B,A,B,C,B,D,C,B,C,B,B,B,A,D,B,B
201801001456.0,C,C,C,C,C,B,C,C,C,B,D,C,B,B,C,A,C,D,A,B,B,A,D,A,C,B,D,D,C,E
201801001857.0,A,B,B,C,C,B,B,C,A,B,D,C,A,D,B,D,D,C,A,D,B,B,D,B,B,B,B,D,B,A
201801001958.0,B,B,B,A,B,A,B,A,C,D,A,D,C,B,C,B,A,D,A,C,B,C,C,A,A,C,A,D,A,C
201801001977.0,B,B,B,A,B,A,B,B,B,C,D,D,D,A,B,A,A,D,B,D,C,B,D,A,A,D,B,D,A,C
201801002764.0,B,B,C,C,B,A,B,A,B,D,D,D,C,A,B,B,B,C,B,D,D,D,C,D,A,C,B,D,A,D
201801002962.0,C,C,A,C,C,B,C,D,A,B,D,C,A,C,C,C,C,B,A,A,A,A,D,B,C,B,C,B,A,E
201801003162.0,A,B,A,C,A,B,A,B,B,B,C,A,A,C,D,B,C,B,B,B,B,A,D,A,D,B,D,B,B,B
201801003191.0,B,B,A,C,C,C,B,D,A,D,C,A,A,A,B,C,C,D,C,A,C,D,A,B,A,D,A,D,A,A
201801003561.0,A,B,B,B,A,B,A,B,A,B,A,A,A,C,A,B,C,C,A,D,C,B,C,B,B,D,B,C,C,C
201801004012.0,C,B,C,C,C,B,C,C,A,A,A,C,A,B,C,B,B,B,A,D,B,C,D,D,B,B,B,C,C,E
201801004255.0,C,C,A,B,A,B,C,A,B,B,A,A,A,B,D,D,C,C,A,C,C,B,C,B,C,D,B,C,D,A
201801004314.0,B,B,A,B,A,A,B,C,A,A,C,A,A,B,C,D,C,C,A,D,C,A,B,B,A,B,D,C,C,A
201801010934.0,B,B,B,B,A,B,B,C,A,D,B,A,B,D,C,A,D,D,A,D,C,B,C,B,A,D,A,D,B,C
201801011030.0,C,B,C,C,C,B,C,C,A,B,D,C,A,D,C,B,D,C,A,C,A,B,D,D,B,B,C,D,C,E
201801011196.0,A,B,A,C,A,B,B,A,A,D,D,A,A,D,C,A,D,D,D,C,B,B,D,C,D,B,C,D,C,E
201801011224.0,B,B,B,C,B,B,B,B,A,C,C,D,B,C,A,C,D,D,B,B,C,D,D,A,A,A,B,D,B,D
201801011633.0,B,B,C,C,A,A,B,B,A,A,C,A,B,B,C,A,B,D,B,D,C,A,D,B,C,B,A,A,B,B
201801011877.0,A,B,C,B,C,B,B,C,C,B,D,C,B,B,B,A,D,C,C,D,C,A,C,C,C,D,A,B,C,B
201801011949.0,B,B,C,C,A,B,B,C,B,A,D,C,A,C,C,A,C,C,A,A,A,A,D,A,D,C,D,D,D,C
201801012001.0,B,B,C,A,B,C,B,B,B,B,A,A,B,B,C,C,B,B,B,D,B,A,C,A,B,C,D,B,B,A
201801012174.0,A,A,C,A,A,A,B,C,C,D,C,D,C,B,A,B,A,D,B,D,C,B,B,B,A,C,B,D,B,D
201801012248.0,A,A,A,B,A,A,A,B,C,B,C,A,B,C,B,C,C,C,B,B,A,B,D,C,A,C,C,D,C,A
201801012476.0,A,A,C,C,B,A,A,B,A,A,D,A,A,C,B,C,C,C,A,B,B,B,B,B,A,C,D,B,C,E
201801012544.0,A,B,B,A,A,A,B,C,C,D,B,D,B,C,A,B,C,C,C,D,C,B,C,D,A,D,B,A,B,B
201801012704.0,C,B,C,B,B,C,B,A,C,C,A,D,C,B,D,A,C,D,C,B,C,D,A,A,A,C,C,D,A,D
201801012727.0,C,C,C,A,A,A,C,A,A,D,B,A,B,D,C,D,C,D,A,D,C,B,A,B,B,B,D,D,B,A
201801012748.0,B,A,C,A,A,A,B,B,C,A,A,D,C,C,B,D,C,D,B,C,D,B,D,C,A,B,B,D,A,D
201801012890.0,A,A,B,A,B,A,B,D,B,A,A,A,C,C,B,D,C,A,C,A,B,C,B,D,B,C,C,C,D,A
201801013184.0,C,C,C,C,C,B,C,C,A,A,A,A,B,C,C,A,C,C,A,B,A,A,C,D,B,B,D,C,C,A
201801013189.0,C,A,C,C,A,A,C,B,A,A,D,A,B,D,C,D,C,C,A,C,B,A,C,A,B,B,D,D,C,C
201801013339.0,B,B,A,C,A,B,B,D,A,B,A,A,A,B,D,A,D,C,A,B,A,C,D,B,A,C,D,D,D,E
201801013404.0,B,B,A,C,A,A,B,C,A,B,C,C,A,C,A,A,D,C,B,D,A,A,D,B,D,B,C,C,D,E
201801013592.0,C,C,A,C,A,B,C,B,A,B,D,C,B,D,A,B,D,C,A,C,A,A,D,A,C,B,A,D,D,E
201801013929.0,B,B,B,C,B,B,B,B,A,A,D,B,B,D,C,B,C,D,A,D,B,A,C,B,B,B,B,D,C,A
201801014202.0,B,A,A,C,A,B,B,D,A,A,C,C,A,C,A,B,B,D,B,B,B,B,C,B,C,C,D,D,B,A
201801014285.0,A,B,C,C,C,B,B,C,A,B,C,C,A,C,A,C,D,C,A,B,A,A,C,B,B,B,B,C,D,E
201801014390.0,C,B,A,C,A,A,C,D,A,B,A,A,A,C,A,C,C,C,A,A,B,A,D,B,A,D,A,C,C,B
201801014577.0,C,B,B,A,A,B,C,A,A,A,C,D,C,C,A,D,C,C,A,C,B,A,B,B,C,B,D,D,B,A
201801014731.0,A,B,A,A,C,B,A,C,B,B,A,A,A,D,B,A,B,D,A,B,C,A,C,A,B,D,B,C,C,A
201801015016.0,A,C,B,A,B,C,A,B,C,D,D,D,D,A,D,A,B,D,D,D,B,C,B,A,B,C,B,D,A,B
201801015500.0,A,B,C,A,C,C,B,B,A,D,B,D,A,A,C,D,D,C,A,C,D,B,A,B,A,B,C,A,A,D
201801017913.0,B,C,C,C,C,B,B,C,A,A,A,A,C,B,C,C,A,C,A,B,C,A,D,A,B,D,C,B,C,E
201801018122.0,B,C,B,B,A,B,B,B,B,D,D,A,B,B,C,D,D,D,B,D,D,A,C,B,A,D,B,B,A,A
201801018182.0,A,B,C,C,A,B,A,B,A,B,B,C,B,D,A,B,C,D,A,D,A,A,D,A,C,B,B,D,C,A
201801018360.0,B,A,C,C,A,B,C,B,A,B,B,A,A,D,B,D,D,A,A,C,A,A,D,D,B,C,A,D,C,A
201801018472.0,B,A,C,C,A,B,B,C,A,B,A,C,B,B,B,B,C,B,A,B,B,A,C,A,C,B,C,C,C,E
201801018600.0,C,A,C,C,A,B,C,B,A,A,A,B,B,D,A,B,C,B,A,D,A,A,D,A,D,B,C,D,C,E
201801018678.0,C,B,A,C,C,B,C,C,A,B,A,C,A,A,C,B,A,A,A,B,A,C,D,D,C,B,C,A,C,E
201801018713.0,B,A,A,C,A,B,B,B,A,B,C,A,A,C,C,C,B,C,A,D,B,A,D,D,B,B,A,B,C,E
201801018787.0,B,B,C,C,A,B,B,B,B,D,D,A,B,C,A,B,B,C,B,D,B,A,D,D,B,C,B,D,B,A
201801018863.0,B,B,B,C,C,B,B,C,A,B,D,C,A,B,C,C,D,D,A,B,B,C,B,D,B,C,B,C,B,E
201801019064.0,B,B,C,B,C,A,A,D,D,A,D,A,D,C,C,A,D,C,D,B,B,A,D,A,D,B,B,C,B,A
201801019089.0,B,C,B,C,B,A,B,C,A,C,D,D,A,C,C,B,A,D,C,D,B,A,C,B,B,B,A,D,A,D
201801019166.0,B,B,A,C,B,C,B,B,B,D,A,B,B,B,B,B,B,D,A,C,C,B,B,A,B,D,B,D,A,B
201801019195.0,B,B,B,C,B,A,B,B,C,B,A,B,B,C,A,B,D,B,C,B,D,D,B,A,D,A,C,D,D,E
201801019301.0,B,B,C,C,C,B,B,B,A,A,D,A,A,C,C,A,D,D,B,B,A,C,D,D,B,C,C,D,A,A
201801019458.0,C,C,C,A,A,A,C,B,B,D,D,A,B,B,B,B,B,C,A,D,B,B,B,D,A,B,C,D,B,C
201801019537.0,B,B,B,C,A,A,B,B,B,A,A,B,B,B,D,B,A,D,A,C,C,A,B,A,A,D,C,D,B,C
201801019645.0,C,C,C,C,C,A,B,C,A,A,D,C,B,C,A,A,C,C,A,B,B,A,D,A,B,D,C,C,C,E
201801019802.0,A,B,A,B,B,B,A,B,A,A,B,A,B,A,B,A,D,D,A,B,B,B,C,B,B,A,A,D,A,D
201801019889.0,B,B,B,C,A,B,B,B,B,D,D,A,B,C,C,B,D,D,A,D,A,D,D,B,A,C,C,D,A,B
201801019984.0,B,B,C,A,A,B,B,C,A,B,C,C,B,D,C,C,D,D,A,B,A,A,C,C,C,B,C,B,C,E
201801020031.0,B,C,C,A,B,A,B,A,C,D,B,B,C,A,A,D,A,D,B,C,B,B,B,B,A,B,B,D,B,B
201801020088.0,B,C,C,A,A,A,B,B,C,A,D,D,D,C,B,B,D,D,D,D,C,B,B,A,B,C,B,D,A,D
201801020160.0,B,B,A,C,A,B,B,C,A,B,B,C,A,D,C,D,C,C,A,C,A,A,C,A,B,B,C,D,B,E
201801020170.0,B,B,C,C,A,C,B,C,B,B,D,C,A,C,C,A,D,D,A,B,A,A,D,B,C,A,C,D,C,A
201801020339.0,B,A,C,A,B,B,B,A,B,A,A,A,A,B,B,C,D,C,A,C,C,B,B,C,B,C,A,C,B,C
201801020446.0,C,B,C,A,A,A,C,A,D,B,A,D,B,B,B,B,B,D,B,B,D,D,D,A,B,B,B,D,A,A
201801020566.0,B,B,C,A,B,A,B,A,C,C,B,A,D,B,D,D,A,D,C,C,B,D,B,D,A,D,A,D,A,D
201801020998.0,A,C,A,C,C,B,B,D,A,B,D,C,A,B,A,A,C,D,A,A,A,A,D,B,A,B,C,D,C,E
201801021352.0,B,B,A,C,A,B,B,C,A,A,D,C,A,C,A,A,D,C,A,C,A,A,D,D,C,D,B,C,C,C
201801021448.0,A,B,C,C,A,B,A,B,A,A,A,C,A,C,A,D,C,D,A,D,B,A,D,B,C,C,B,C,C,E
201801021976.0,A,B,C,C,A,A,A,A,B,A,A,C,C,C,A,B,D,C,A,D,B,A,D,A,B,C,C,C,D,A
201801022091.0,B,C,B,B,B,B,A,C,B,C,C,B,B,D,C,B,D,D,A,D,C,A,C,C,B,B,A,D,C,A
201801022399.0,A,B,A,C,A,B,A,B,C,A,C,C,A,B,A,B,D,C,A,C,D,B,D,C,A,B,B,B,B,A
201801022406.0,B,A,C,C,A,A,B,B,C,D,A,D,C,D,C,D,C,D,B,C,C,A,D,D,B,C,B,B,C,E
201801022725.0,C,B,C,B,C,B,B,C,C,B,D,C,A,B,C,A,D,C,B,C,C,D,C,D,B,B,B,D,B,D
201801022862.0,C,A,C,C,A,A,C,B,B,D,D,C,B,C,A,A,A,C,C,B,B,B,D,D,B,C,C,D,B,E
201801023124.0,B,C,A,C,A,A,B,B,B,A,A,C,B,C,B,A,C,C,B,D,B,A,C,A,B,C,A,C,C,C
201801023145.0,B,B,C,C,C,A,B,B,A,B,A,C,A,C,C,B,C,C,A,B,B,C,C,B,A,B,B,D,B,E
201801023412.0,A,C,C,C,B,A,B,B,A,A,A,A,B,B,D,B,D,C,A,C,A,B,B,D,B,C,A,B,D,A
201801023477.0,B,B,C,C,A,A,B,C,C,D,C,A,C,B,B,B,C,D,A,D,B,B,D,D,B,A,B,C,C,D
201801034336.0,B,B,C,C,A,B,B,B,B,B,A,D,A,C,C,B,D,D,A,C,A,A,D,B,B,A,B,D,C,C
201801034999.0,B,B,A,C,C,B,C,D,B,B,A,C,A,C,A,A,D,C,A,D,C,A,B,A,C,C,B,D,B,C
201801035067.0,A,B,C,C,B,B,A,B,B,B,D,C,A,C,A,B,C,D,A,C,B,B,B,D,C,C,B,B,B,C
201801035247.0,A,B,C,C,A,B,B,C,A,A,D,A,A,D,A,A,D,C,A,B,B,B,C,A,B,C,C,D,C,A
201801035287.0,C,B,C,C,A,B,C,C,A,A,A,A,B,C,B,B,C,C,A,D,B,A,D,C,B,B,C,B,C,E
201801035385.0,C,C,C,C,B,A,C,C,B,B,C,C,B,C,A,A,D,D,A,D,A,D,D,A,B,B,C,D,C,E
201801035461.0,A,C,B,C,A,B,B,B,A,A,A,C,A,C,B,A,D,D,A,D,B,B,D,B,B,D,A,B,C,B
201801035654.0,B,B,A,C,A,B,B,C,A,B,A,C,B,D,C,C,B,A,A,B,A,B,D,B,C,B,C,D,C,A
201801036052.0,A,C,C,C,A,C,B,B,A,C,D,A,B,B,B,B,D,D,A,D,B,A,C,B,A,A,B,D,C,A
201801036271.0,A,B,B,C,B,B,A,B,A,A,A,A,B,C,B,B,C,C,A,D,D,D,C,A,B,A,B,D,C,A
201801036666.0,B,B,C,A,B,C,B,A,A,C,A,D,B,A,D,B,A,D,B,D,C,A,A,A,A,B,B,D,B,C
201801036725.0,B,B,B,A,C,B,B,B,B,A,A,D,C,C,B,D,C,D,A,C,C,A,B,D,A,C,A,D,A,B
201801036849.0,B,B,B,C,C,B,B,D,A,B,B,C,A,B,D,B,D,C,A,B,B,D,D,B,A,D,A,D,C,B
201801036860.0,B,A,B,B,A,B,B,C,C,B,C,C,B,B,C,C,D,B,A,A,B,A,B,B,B,C,B,C,D,C
201801036988.0,B,C,C,C,B,A,B,C,B,C,A,A,A,B,D,A,C,C,A,D,C,B,C,A,A,D,A,D,A,D
201801037008.0,A,A,C,B,C,B,C,C,B,B,D,C,B,B,A,A,D,D,A,D,A,A,D,D,B,D,A,D,C,D
201801037041.0,B,B,C,C,A,A,B,B,B,C,C,B,A,B,A,C,B,D,B,D,C,B,B,B,B,B,D,D,A,B
201801038465.0,B,A,C,C,A,B,B,B,C,C,D,D,C,B,D,B,B,B,B,D,A,B,B,B,A,D,B,D,A,D
201801038502.0,B,B,C,C,C,B,B,D,A,B,D,C,A,D,B,B,C,C,C,D,A,A,D,A,D,B,A,D,C,A
201801039030.0,A,B,C,A,A,A,A,B,A,D,A,D,B,B,B,B,B,D,B,C,C,B,B,D,A,B,A,D,A,B
201801039165.0,C,C,A,A,A,B,B,C,A,D,D,D,B,B,B,C,B,D,B,B,B,B,A,D,B,C,B,B,C,A
201801042039.0,B,A,B,C,A,A,B,B,A,D,B,A,B,A,A,D,A,C,A,C,A,A,A,A,B,C,D,C,A,E
201801042146.0,B,A,C,A,B,C,B,A,D,D,B,D,C,A,D,B,B,D,B,C,D,D,A,D,A,C,A,D,A,D
201801042161.0,A,B,C,C,B,B,B,C,A,B,D,A,A,C,B,A,D,D,A,B,B,D,D,B,A,D,B,D,C,A
201801042319.0,C,B,A,C,A,B,C,C,A,B,B,C,A,C,A,A,C,B,A,D,B,C,C,B,C,B,B,D,C,C
201801042343.0,C,B,A,C,A,A,C,C,B,D,D,A,A,C,C,A,C,B,B,D,B,A,B,D,C,B,C,B,B,C
201801042426.0,A,A,C,A,B,C,A,B,C,C,D,D,D,A,A,B,A,D,B,D,B,B,B,A,A,B,B,D,A,A
201801042702.0,A,B,C,C,A,B,A,B,A,B,D,A,A,C,B,B,B,C,A,C,A,B,C,A,B,C,B,D,C,E
201801042741.0,B,B,B,A,B,A,B,A,C,A,D,D,C,C,D,D,C,D,C,C,C,B,B,C,B,D,B,D,A,D
201801042771.0,B,C,C,C,A,B,B,B,A,B,C,A,A,B,B,B,D,B,A,C,A,B,D,C,B,C,A,D,C,A
201801042802.0,B,B,A,B,A,A,B,D,A,D,B,A,A,C,D,C,D,D,A,B,B,D,D,B,A,D,B,A,D,D
201801042885.0,B,C,C,C,C,B,B,B,B,B,B,B,A,C,C,D,D,C,A,C,A,B,D,D,B,B,C,D,C,E
201801043078.0,B,B,C,C,A,B,B,D,A,B,C,C,A,D,C,D,A,B,A,D,A,D,D,C,C,B,C,D,C,A
201801043197.0,C,C,A,C,A,B,C,B,A,B,B,C,A,D,C,B,C,C,A,D,A,A,D,A,C,B,C,D,D,E
201801043219.0,A,A,C,B,B,A,B,B,C,A,B,A,B,C,A,B,D,D,A,D,D,B,D,A,B,D,B,C,B,A
201801043371.0,A,B,C,A,A,A,B,B,C,C,B,D,C,A,B,D,B,D,A,C,D,D,B,D,A,D,B,D,A,A
201801043469.0,B,B,C,C,A,B,B,B,A,A,B,C,A,D,C,B,C,B,A,C,A,A,C,B,B,B,D,C,D,C
201801043580.0,C,B,B,C,A,B,C,B,A,B,B,D,B,C,A,A,C,B,A,C,B,A,C,B,C,B,C,D,C,E
201801043713.0,C,C,B,C,A,B,C,B,A,A,A,A,B,D,C,D,C,C,A,C,B,A,C,D,B,C,C,D,C,E
201801043781.0,A,B,C,C,A,B,A,B,B,B,D,A,A,C,B,D,C,B,A,C,B,A,D,D,C,B,B,C,D,C
201801043870.0,C,B,C,B,A,B,C,C,A,B,D,C,A,C,D,A,D,C,A,D,B,B,B,B,A,A,B,D,C,A
201801043915.0,B,B,C,B,C,B,B,C,A,A,A,C,A,D,D,D,D,D,A,C,B,B,D,A,B,D,A,D,D,A
201801043917.0,A,B,C,A,B,B,B,B,A,B,C,C,B,C,C,C,D,D,A,B,C,A,D,B,B,B,B,C,C,A
201801044170.0,B,B,C,B,B,B,B,B,C,B,A,A,A,D,D,B,C,D,A,D,B,B,B,D,A,C,B,D,C,D
201801044350.0,B,C,C,A,A,C,B,B,B,A,C,D,B,D,A,D,A,D,B,C,C,A,C,C,A,B,D,D,B,A
201801044523.0,C,A,C,C,C,B,B,B,A,B,A,A,A,B,C,B,D,C,A,B,B,A,B,B,A,A,A,D,C,A
201801044861.0,B,B,C,C,B,B,B,C,B,B,C,C,A,B,D,A,A,D,A,D,A,B,D,D,B,A,A,D,D,D
201801044875.0,B,B,C,C,A,B,B,B,B,B,A,C,B,C,A,A,D,C,A,B,B,A,D,B,B,B,B,C,D,C
201801044917.0,B,B,C,C,A,B,B,B,A,B,D,A,B,D,B,D,D,B,A,C,A,A,C,D,C,B,C,D,C,E
201801045366.0,C,B,C,C,A,B,B,D,B,B,D,C,A,D,A,C,D,D,A,A,A,A,D,A,C,C,D,B,B,D
201801045388.0,A,A,A,C,C,A,A,C,C,C,D,C,A,A,D,C,D,B,B,D,B,A,B,B,C,B,C,D,A,D
201801045451.0,B,A,C,A,A,A,B,B,C,D,D,D,D,A,A,D,B,D,B,D,C,A,A,A,A,B,D,D,A,D
201801045493.0,A,B,C,C,A,A,B,B,C,D,A,A,A,B,B,C,B,D,B,B,C,B,C,A,A,A,A,D,A,D
201801045550.0,A,B,C,C,A,B,A,B,A,C,B,C,B,A,D,C,C,C,A,B,C,D,D,A,A,C,B,D,C,C
201801045776.0,C,C,C,C,B,A,C,C,A,D,B,D,A,B,C,D,B,D,A,C,C,B,B,B,C,D,B,D,B,B
201801045918.0,B,B,A,B,A,B,B,B,B,D,D,C,B,B,B,A,C,C,B,A,C,B,C,A,A,A,B,D,A,A
201801046063.0,B,B,C,A,C,A,B,B,B,A,A,C,B,A,B,A,A,A,B,B,C,B,C,A,B,C,B,C,B,A
201801046101.0,B,C,C,C,B,B,C,C,B,B,B,C,A,A,D,B,D,D,A,C,A,A,D,B,D,B,A,D,D,A
201801046147.0,B,A,B,C,A,A,B,B,B,D,C,D,B,B,B,A,B,D,A,B,C,D,C,B,A,B,B,D,A,A
201801046156.0,A,B,A,C,A,A,A,A,C,D,A,C,A,A,B,A,A,A,A,C,A,C,A,D,A,B,C,D,A,A
201801046279.0,C,B,C,A,B,C,C,A,C,C,C,D,B,A,A,D,B,D,B,C,D,D,A,B,A,D,A,D,A,D
201801046371.0,B,B,C,B,A,A,B,B,A,C,A,A,B,C,A,B,B,C,C,D,C,A,B,A,A,C,D,B,A,C
201801046472.0,C,B,B,C,A,B,C,C,B,A,B,A,A,C,C,A,C,D,A,B,C,A,C,B,B,C,A,C,C,A
201801046534.0,B,C,C,C,B,B,B,B,A,D,C,A,B,C,A,A,B,C,B,B,C,B,C,D,B,A,B,D,B,C
201801046537.0,C,B,C,C,B,C,C,A,B,D,A,D,C,C,D,B,C,D,B,C,C,B,B,B,A,C,B,C,A,B
201801046833.0,C,A,A,B,A,A,C,B,B,A,A,B,B,B,A,B,C,C,A,D,D,B,C,D,A,D,B,D,A,B
201801046930.0,A,B,C,A,A,A,B,C,B,B,C,C,B,C,C,B,C,C,B,D,A,A,A,B,B,C,B,B,D,A
201801046937.0,C,A,A,B,B,B,C,C,A,B,B,B,D,D,D,B,C,C,A,D,A,D,D,C,A,B,B,D,D,A
201801047132.0,C,C,C,C,A,A,C,C,A,A,C,C,A,D,A,A,C,C,A,A,B,B,C,B,B,B,B,D,B,B
201801047206.0,A,C,A,C,A,A,B,B,B,A,A,D,C,C,A,A,C,B,B,C,A,A,D,A,C,B,D,A,B,A
201801047251.0,B,A,B,C,A,B,B,B,A,B,A,C,A,D,D,A,D,D,A,D,B,B,D,D,B,D,A,D,C,D
201801047252.0,B,B,C,A,A,A,B,B,C,C,A,B,B,A,A,A,C,D,B,B,C,A,B,C,A,A,B,D,A,B
201801047453.0,B,B,B,B,A,B,B,C,B,A,D,A,A,B,A,A,C,C,A,B,B,B,C,B,C,B,C,C,B,A
201801047657.0,C,B,C,C,C,A,C,C,A,D,C,C,B,B,C,C,C,B,A,B,A,B,B,B,C,C,C,C,C,E
201801048045.0,B,A,A,C,A,C,B,B,C,D,D,A,C,B,B,B,B,D,B,C,C,A,B,A,A,A,B,D,A,A
201801048193.0,B,A,C,C,A,A,C,C,B,D,B,B,A,A,D,A,D,C,A,B,C,B,A,B,A,C,B,D,A,A
201801048487.0,B,B,C,B,A,B,B,B,A,A,A,C,A,C,B,B,D,C,A,B,C,B,C,B,B,C,D,C,D,C
201801048506.0,B,B,C,B,A,B,C,B,C,B,D,B,A,C,A,C,C,C,B,D,B,A,C,B,B,B,B,C,C,C
201801048507.0,A,A,C,B,A,B,A,C,A,B,C,C,A,D,D,A,D,D,A,D,A,A,D,A,A,D,A,D,D,E
201801048596.0,B,A,C,A,B,B,B,C,B,D,C,A,C,A,D,B,B,C,B,C,C,B,D,C,A,A,B,D,B,B
201801048612.0,B,B,B,C,A,C,B,B,B,C,C,C,B,C,C,D,C,D,A,C,C,B,B,A,A,D,A,D,A,B
201801048656.0,B,A,C,A,A,B,B,C,A,B,C,A,A,A,A,B,C,C,A,D,B,A,A,C,B,C,B,C,C,A
201801048664.0,C,C,A,A,C,B,C,A,A,B,C,B,A,B,C,C,A,B,A,B,C,D,A,B,C,C,C,C,A,C
201801048792.0,A,C,B,B,B,B,C,A,A,B,A,B,A,A,D,B,D,D,A,B,D,D,D,B,A,D,B,D,C,D
201801048862.0,B,B,C,B,A,A,B,C,A,A,A,C,D,B,C,B,D,B,A,C,B,D,A,A,A,A,D,D,B,A
201801048872.0,C,C,A,C,C,A,C,C,A,D,C,A,B,C,C,A,D,D,B,B,B,B,C,D,C,B,C,C,C,E
201801048902.0,B,A,A,C,A,B,A,C,B,B,C,C,A,C,C,A,C,A,A,B,A,A,D,B,C,B,B,C,D,E
201801048936.0,B,B,B,C,A,B,B,C,A,A,D,C,A,C,C,A,D,C,A,D,A,A,D,D,D,C,C,C,C,E
201801048954.0,B,C,C,C,A,B,B,C,C,B,D,A,B,B,D,A,D,D,A,A,A,B,A,A,B,A,B,D,D,B
201801049059.0,B,A,C,A,A,C,B,B,C,C,A,D,C,C,A,D,B,D,A,C,C,D,C,A,A,A,D,A,A,D
201801049162.0,A,B,C,B,C,C,A,B,B,D,A,A,A,C,B,A,D,C,A,B,C,B,D,A,B,A,A,D,B,D
201801049370.0,B,B,C,B,A,B,C,C,B,B,D,C,A,A,C,C,B,A,A,B,A,A,B,B,B,B,A,B,C,A
201801049419.0,C,B,C,C,A,A,C,B,B,D,A,D,C,C,D,C,B,C,B,A,C,B,C,B,B,A,B,D,B,D
201801049501.0,C,C,C,B,A,A,C,D,A,A,C,B,C,C,D,A,C,B,A,D,D,A,D,C,A,C,B,B,A,A
201801049572.0,B,B,C,B,A,B,C,C,A,B,C,C,A,A,C,B,D,D,A,B,A,A,C,B,B,A,C,D,D,E
201801049658.0,B,B,B,A,A,B,B,B,B,B,B,A,A,C,B,D,B,B,A,C,B,B,C,D,B,C,C,D,C,C
201801050090.0,B,A,C,C,A,B,B,C,A,A,B,A,B,C,C,B,B,A,A,D,A,A,C,D,B,D,D,D,C,C
201801050303.0,B,C,B,A,A,A,C,B,B,D,A,D,B,C,B,B,B,D,B,D,C,A,B,C,B,C,D,D,B,A
201801050424.0,B,C,C,C,A,C,B,B,C,C,A,D,B,B,C,A,A,D,B,C,B,D,B,B,B,B,C,D,A,A
201801050673.0,A,A,C,C,A,C,B,B,D,C,C,D,A,D,A,C,A,D,D,A,C,D,D,B,A,D,A,D,A,D
201801050786.0,C,A,C,A,B,A,C,A,B,D,B,D,B,A,A,D,B,D,B,C,C,A,B,A,A,D,A,D,A,B
201801050799.0,B,A,C,C,A,B,B,B,A,A,D,A,B,D,C,D,C,D,A,C,A,A,A,C,C,B,C,D,D,E
201801050928.0,A,C,B,B,A,A,A,B,B,A,C,A,B,D,C,C,C,D,A,B,B,B,C,B,B,D,B,C,C,A
201801051220.0,A,C,C,B,A,B,A,B,A,A,D,C,B,C,A,C,D,D,A,B,C,A,B,B,A,B,B,D,C,C
201801051365.0,C,C,B,A,A,B,C,A,B,D,A,C,B,D,A,D,D,D,A,D,C,D,D,A,B,D,A,D,C,B
201801051392.0,B,C,A,C,A,A,B,B,B,D,C,C,A,B,C,B,B,C,A,D,C,B,A,D,B,A,D,D,A,D
201801051515.0,C,B,C,C,A,B,C,C,A,B,C,C,A,C,A,C,D,C,A,B,A,A,D,D,B,C,B,C,B,A
201801051528.0,B,C,A,A,A,A,A,B,D,D,C,B,C,C,B,A,B,B,B,B,B,A,A,A,B,C,B,C,B,C
201801051537.0,B,C,B,B,A,B,B,C,A,A,D,A,A,B,B,A,D,B,A,D,B,B,D,D,B,D,D,D,C,A
201801051852.0,C,A,B,B,A,B,B,A,A,B,C,C,D,D,D,B,B,D,A,B,B,A,C,C,D,B,C,D,A,A
201801051886.0,B,B,C,C,A,A,C,B,A,A,C,A,A,C,A,B,C,C,A,D,C,A,D,D,B,B,C,B,C,C
201801052015.0,B,C,C,C,B,B,B,C,A,B,B,B,A,D,D,B,D,D,A,D,B,B,D,B,A,D,B,D,D,D
201801052466.0,B,B,B,A,B,C,B,B,D,C,D,D,B,B,D,B,C,D,A,B,D,D,A,C,A,A,A,D,A,D
201801052505.0,B,B,B,C,A,B,B,D,A,B,A,C,A,C,B,D,D,B,A,C,B,C,B,D,C,B,B,B,C,B
201801056491.0,C,B,B,B,A,C,B,C,A,A,D,C,A,C,C,B,D,D,A,B,C,A,D,B,A,D,B,D,C,B
201801056738.0,B,A,C,C,A,A,B,B,A,B,A,C,A,C,A,B,D,D,A,C,A,B,D,A,A,B,A,C,D,A
201801057086.0,B,B,C,C,A,B,B,C,A,A,C,C,A,C,A,A,D,C,A,D,B,B,D,A,C,D,A,D,C,C
201801057292.0,B,C,C,C,B,B,B,C,B,B,C,B,A,C,B,B,B,C,A,D,B,B,D,D,B,D,A,C,C,A
201801057535.0,A,A,B,A,B,C,A,A,D,C,B,D,D,A,D,D,B,D,B,C,D,D,B,B,A,A,A,D,A,D
201801057572.0,C,B,C,C,A,B,C,C,C,D,B,A,B,C,A,A,D,C,A,B,B,A,C,B,B,B,A,D,D,C
201801057695.0,A,B,C,C,A,B,B,C,B,B,A,C,A,C,D,D,C,C,A,C,B,A,D,B,B,D,B,A,C,B
201801057928.0,B,A,C,C,A,B,B,C,A,B,B,A,A,D,C,B,C,B,A,B,A,B,D,D,C,C,D,C,D,E
201801057976.0,A,B,B,C,B,A,B,A,C,C,B,D,C,A,B,B,C,D,B,D,C,B,B,B,A,D,A,D,A,D
201801058036.0,B,B,B,A,A,A,B,B,D,D,A,D,C,B,B,B,B,C,C,C,C,B,B,A,A,C,A,D,A,A
201801058202.0,A,B,C,A,B,C,A,B,B,C,D,D,C,B,D,B,A,D,A,D,C,B,B,A,A,A,C,D,A,B
201801058449.0,B,B,C,A,A,A,B,B,C,A,A,B,D,C,D,D,C,C,B,C,C,A,D,D,B,C,B,D,A,D
201801058496.0,A,B,C,C,A,A,A,B,B,A,A,C,B,C,A,B,C,C,A,D,C,B,D,B,B,D,B,D,B,E
201801058545.0,B,B,C,A,A,B,B,C,B,A,C,B,B,D,B,B,D,D,A,D,B,A,C,A,B,D,A,D,C,D
201801058620.0,B,C,C,A,B,A,C,A,D,A,D,D,D,B,A,D,B,D,D,C,C,A,C,D,B,C,C,D,A,A
201801058653.0,A,C,A,C,C,A,B,C,A,B,C,C,A,D,D,B,C,C,B,C,A,A,D,C,A,D,B,D,C,D
201801058794.0,B,B,C,C,A,B,C,C,A,B,D,C,A,D,C,C,D,D,A,B,A,A,D,A,C,C,A,D,C,E
201801058893.0,B,B,C,A,A,B,B,C,B,A,D,A,B,B,B,A,A,C,A,D,B,B,C,A,B,D,A,C,B,D
201801059020.0,B,A,C,A,A,B,B,C,A,A,A,A,A,C,A,D,D,C,A,C,C,B,D,A,B,D,A,D,B,A
201801059126.0,A,A,C,C,A,B,B,B,A,B,D,C,A,D,D,D,D,B,A,D,A,A,A,B,B,D,B,C,D,E
201801059293.0,B,A,C,B,A,B,B,C,A,A,B,A,B,D,C,A,C,B,A,D,A,A,C,D,B,D,D,D,C,E
201801059362.0,B,C,C,C,A,B,B,D,A,B,D,C,A,C,C,A,C,C,A,D,C,C,C,C,B,B,A,C,C,B
201801062729.0,B,B,C,A,A,A,B,B,B,D,A,D,B,B,B,A,C,C,B,B,C,A,B,A,A,D,B,D,C,B
201801062889.0,C,B,C,C,A,B,C,A,A,B,A,B,B,D,A,B,D,C,A,C,A,A,D,D,C,B,C,D,B,E
201801062899.0,B,B,A,C,A,B,B,B,A,B,A,C,A,C,B,B,B,D,A,C,A,C,C,A,B,D,D,C,C,E
201801062924.0,C,B,A,C,C,B,C,B,A,B,D,C,A,D,C,A,C,A,A,D,A,C,D,C,C,B,C,A,C,E
201801062946.0,B,C,A,C,A,A,B,C,A,D,A,D,B,B,C,B,D,C,B,C,B,C,A,D,B,D,C,D,C,E
201801062978.0,B,B,C,C,A,B,B,C,A,B,D,C,A,D,C,B,D,B,A,D,A,A,D,C,C,C,C,D,D,E
201801063036.0,A,B,C,A,B,A,A,A,D,C,D,B,C,B,A,B,B,D,C,D,C,B,B,C,A,B,B,D,A,B
201801063213.0,B,B,A,C,C,B,C,D,A,B,A,C,A,D,C,B,B,A,A,D,A,C,D,C,D,B,C,A,C,E
201801063283.0,C,B,B,C,C,C,C,A,D,D,A,D,C,A,A,B,B,D,C,C,C,B,B,A,A,C,B,D,A,A
201801063469.0,A,B,C,A,A,A,C,B,B,D,A,D,B,C,B,D,C,C,A,C,C,B,C,A,B,D,D,B,B,A
201801063491.0,B,B,C,C,C,C,B,A,D,C,B,D,C,A,D,D,A,D,D,D,C,D,D,B,A,A,A,D,A,D
201801063504.0,C,A,A,C,C,B,C,C,B,B,D,C,B,B,C,C,D,B,B,C,A,A,D,D,B,B,C,C,A,A
201801063534.0,C,B,A,C,A,B,C,B,A,B,C,C,A,D,A,B,C,C,A,D,A,A,D,A,B,C,C,D,C,E
201801063677.0,B,B,C,A,B,A,B,A,D,C,C,D,D,A,D,B,B,D,D,D,B,D,B,A,A,D,B,D,A,D
201801063689.0,B,C,A,C,C,A,B,C,A,A,D,D,A,C,B,D,C,C,C,D,B,A,C,B,B,B,D,C,B,D
201801063894.0,A,C,A,C,C,B,C,C,C,C,A,C,A,B,D,C,C,C,B,A,C,D,B,B,A,A,B,D,B,D
201801064067.0,B,B,A,C,C,B,B,B,A,B,D,C,A,D,D,A,C,C,A,D,C,C,C,B,B,B,B,D,D,C
201801064096.0,A,B,C,A,B,C,A,B,C,C,C,B,B,A,B,B,B,C,B,D,D,A,C,A,A,A,D,D,A,D
201801064209.0,B,B,A,C,A,B,C,C,A,B,A,A,A,D,C,B,D,A,A,D,A,A,D,B,B,A,C,C,D,C
201801064540.0,B,A,C,C,A,B,B,B,B,D,B,B,B,C,A,D,B,D,A,C,C,A,C,C,B,B,B,C,A,C
201801064718.0,A,B,C,C,A,B,A,C,A,B,D,C,A,B,B,B,D,B,A,C,A,A,D,B,A,B,A,D,C,A
201801064853.0,A,B,C,C,C,A,B,B,B,C,A,D,B,B,A,B,C,B,A,D,B,C,C,B,B,D,A,D,A,D
201801064922.0,C,B,A,C,C,B,C,C,A,B,D,C,A,A,A,A,D,B,B,D,A,A,D,A,B,B,C,D,A,E
201801064923.0,B,C,C,C,B,B,B,B,C,A,A,D,B,B,D,D,C,C,A,C,C,B,C,D,A,C,B,D,A,D
201801065024.0,B,B,C,C,C,B,C,B,B,A,D,A,B,C,B,B,B,C,B,D,C,A,C,A,A,D,D,D,B,A
201801065102.0,B,B,C,C,B,A,B,B,B,D,C,C,B,D,B,B,C,D,A,D,A,A,C,D,C,A,B,D,D,A
201801066924.0,B,B,A,C,B,B,B,B,C,B,C,A,A,C,C,B,A,D,C,D,C,A,B,B,B,C,B,C,A,C
201801068366.0,A,B,B,C,A,C,A,B,C,C,D,A,D,C,A,D,C,C,A,C,C,A,D,B,A,D,B,D,B,B
201801068635.0,A,C,B,C,B,C,B,A,D,D,A,D,D,A,C,D,A,D,B,C,C,C,B,A,A,A,A,D,A,D
201801068669.0,C,B,C,A,A,A,C,B,A,A,C,C,B,B,C,B,C,C,B,D,B,A,D,D,C,D,D,D,B,C
201801068732.0,B,C,C,C,A,A,B,B,C,D,C,B,B,B,C,B,B,D,B,D,C,B,C,B,B,C,A,D,A,D
201801068838.0,B,C,C,C,C,A,B,C,A,D,D,C,A,D,C,A,D,D,B,D,B,C,D,A,C,B,D,D,C,E
201801069022.0,B,A,A,C,C,B,B,C,A,B,A,A,A,D,C,D,D,B,A,D,A,A,D,D,B,B,C,C,D,A
201801069310.0,B,A,A,C,A,B,B,D,A,B,B,C,A,C,C,B,A,C,A,A,A,B,D,B,A,B,C,C,A,E
201801069313.0,B,B,C,B,B,A,B,B,B,A,A,B,B,B,C,B,A,D,B,D,C,A,D,A,B,C,B,D,B,C
201801069434.0,B,A,C,C,A,B,C,B,B,B,D,C,A,C,C,C,C,D,B,D,A,A,D,D,B,B,D,B,C,C
201801069491.0,B,B,C,C,A,B,B,B,A,B,B,D,C,C,B,B,C,C,A,C,A,A,D,D,B,C,B,C,B,A
201801069540.0,B,B,C,A,A,A,B,A,B,A,A,A,C,C,A,D,A,D,C,C,D,B,A,D,A,A,C,D,A,D
201801069577.0,B,B,C,C,B,A,B,B,B,A,A,D,B,B,B,B,C,D,B,D,D,B,D,B,A,A,B,D,A,B
201801076175.0,A,C,A,A,A,A,A,A,D,D,B,D,D,B,A,D,A,D,B,C,C,A,C,A,A,D,B,D,B,B
201801079775.0,B,A,B,C,A,B,B,B,A,A,A,B,B,C,B,B,C,D,B,C,B,A,A,C,C,C,A,D,B,D
201801093067.0,B,B,C,A,A,B,B,C,A,A,A,C,A,C,A,B,C,B,A,D,A,A,C,B,C,B,C,D,C,A
201801093083.0,C,A,C,C,B,B,B,B,B,B,C,A,B,D,A,D,D,C,A,C,A,A,A,C,B,B,B,D,D,A
201801093183.0,C,A,B,B,A,B,C,B,B,B,A,C,B,D,A,D,A,D,A,C,A,C,C,C,C,B,C,C,D,E
201801093190.0,B,A,A,C,B,A,B,B,A,C,A,B,B,D,A,B,D,D,B,D,A,D,D,D,B,D,C,D,D,A
201801093319.0,B,C,C,A,A,A,B,A,D,D,B,D,D,B,A,B,C,C,B,C,C,B,B,A,A,D,B,D,A,B
201801093355.0,B,B,C,C,C,B,B,D,A,B,C,A,C,D,A,D,B,C,A,D,B,C,D,B,B,A,B,D,C,E
201801093361.0,C,C,A,C,C,B,C,C,A,B,D,C,A,D,C,D,B,B,A,C,A,A,D,C,D,B,C,B,C,E
201801093401.0,A,B,B,C,A,C,A,B,C,C,D,D,D,A,D,B,B,C,C,D,C,A,C,B,A,B,A,D,A,D
201801093431.0,B,C,C,C,C,A,C,C,C,D,D,D,B,D,C,B,D,C,A,C,A,A,D,C,A,C,C,D,B,A
201801093484.0,A,B,C,A,B,C,B,B,C,C,D,D,C,B,A,D,B,D,D,C,C,A,B,D,B,B,C,D,A,A
201801093533.0,B,B,B,A,B,A,C,B,B,C,D,B,B,B,B,B,B,B,B,D,D,D,A,D,A,A,B,D,A,B
201801093576.0,A,A,C,C,A,A,B,B,B,B,A,A,A,D,A,B,D,D,C,C,B,A,C,D,C,B,C,C,C,C
201801093601.0,A,C,B,A,B,B,B,A,B,C,A,D,B,A,C,D,B,D,B,C,C,C,A,B,A,B,A,D,A,D
201801093641.0,B,B,A,A,A,B,A,B,B,A,D,A,B,B,A,B,C,B,A,D,B,B,B,A,B,C,B,C,B,A
201801093671.0,B,B,A,C,C,B,B,B,A,A,D,C,B,D,C,B,C,C,B,C,A,A,C,A,C,C,C,C,C,E
201801093684.0,B,A,A,C,A,B,B,B,A,B,D,A,A,C,C,D,D,B,A,C,A,A,C,C,C,C,C,D,D,E
201801093717.0,C,B,A,C,C,B,C,C,A,A,D,C,B,D,A,B,D,B,A,C,A,A,D,D,C,C,C,B,C,E
201801093909.0,B,B,A,C,A,B,B,B,A,B,D,C,B,C,A,B,C,B,A,B,A,A,D,C,B,C,B,C,C,E
201801093973.0,C,B,A,C,C,B,C,C,A,B,D,A,A,D,A,A,C,D,C,D,B,C,B,B,B,B,C,B,B,C
201801093984.0,A,C,C,A,B,A,A,B,A,B,A,A,B,C,A,D,C,B,A,C,B,B,D,D,C,B,D,D,C,D
201801094094.0,B,C,A,C,A,B,B,C,B,B,A,A,B,D,A,B,D,C,A,C,A,A,D,C,C,B,C,D,C,E
201801094282.0,A,A,A,C,A,B,A,C,A,B,A,B,B,D,A,D,C,C,A,C,A,A,C,D,C,C,B,C,C,B
201801094481.0,B,A,A,A,B,A,B,A,B,D,A,D,B,B,D,B,A,D,B,C,C,B,D,B,A,D,B,D,A,B
201801094556.0,B,A,A,C,A,A,B,C,A,D,A,D,A,B,A,B,C,D,B,C,B,A,B,D,A,C,C,D,B,C
201801094633.0,C,B,C,A,C,A,C,A,A,C,D,D,B,B,D,B,C,C,A,D,D,D,C,D,A,C,D,D,A,D
201801094645.0,A,A,C,A,B,C,A,A,B,C,A,D,B,C,A,C,B,D,B,B,C,D,D,A,A,A,A,D,A,D
201801094731.0,B,B,C,C,A,A,B,B,A,D,D,D,B,A,C,A,A,C,B,D,C,B,A,D,B,C,C,D,A,C
201801094794.0,B,A,C,C,B,C,A,B,D,C,B,D,D,B,A,B,A,D,B,C,C,D,C,A,A,A,B,D,A,D
201801094824.0,B,B,C,C,B,A,C,A,B,D,D,D,B,B,C,A,B,D,A,C,C,A,A,A,B,C,C,D,A,A
201801094913.0,C,C,C,C,A,A,C,C,A,A,A,B,B,B,C,A,C,C,A,B,B,C,C,B,B,C,C,D,B,E
201801094918.0,B,B,A,C,C,B,B,B,A,B,D,C,A,C,C,B,C,A,A,C,A,A,D,C,C,B,C,A,D,E
201801094941.0,A,B,A,C,C,B,A,B,A,B,D,C,A,D,C,B,D,B,A,D,A,A,C,B,C,B,C,D,C,E
201801094959.0,B,B,C,C,A,B,B,B,A,A,D,C,A,D,D,B,C,C,A,C,A,A,D,D,A,C,C,D,C,D
201801094964.0,B,C,A,C,A,A,B,B,A,A,B,B,B,C,A,D,C,B,A,C,A,A,D,A,C,C,C,C,C,E
201801095220.0,B,B,A,C,A,B,B,C,B,A,A,A,A,C,B,B,C,D,A,C,B,B,D,B,B,B,B,C,C,C
201801095647.0,B,B,B,B,A,C,B,A,C,C,B,B,B,A,D,B,B,C,A,D,C,D,C,B,A,D,A,D,A,D
201801095664.0,B,A,B,A,B,A,B,B,C,D,C,D,C,C,C,D,B,D,B,D,C,B,D,B,A,C,B,D,A,D
201801095672.0,C,A,C,A,A,A,B,B,C,D,A,D,D,B,C,B,B,D,B,C,D,B,A,C,A,D,B,D,A,A
201801095731.0,B,A,C,C,A,B,B,C,A,B,C,A,B,D,C,B,C,B,A,D,A,A,D,D,C,B,C,D,C,E
201801095845.0,B,B,C,C,A,A,B,B,A,D,B,B,C,C,B,B,C,C,B,C,A,B,D,D,B,B,D,D,C,E
201801095965.0,C,B,A,C,C,B,C,B,A,B,B,A,A,D,A,A,D,A,A,C,A,A,D,D,B,D,C,D,D,C
201801096010.0,B,B,C,C,A,B,B,C,A,B,A,A,A,C,C,B,C,C,A,D,A,A,C,A,C,C,C,B,D,E
201801096135.0,A,B,C,C,B,B,C,B,B,A,A,B,C,B,A,B,B,D,A,D,C,B,B,A,B,C,B,B,B,B
201801096225.0,B,C,A,C,C,B,B,B,A,B,D,A,A,B,B,D,C,C,A,C,B,A,D,B,C,B,B,B,C,A
201801096342.0,B,B,A,C,A,B,B,C,B,B,B,D,B,D,A,A,D,D,A,D,B,B,C,A,A,D,C,D,C,E
201801096371.0,B,B,B,A,A,A,B,B,B,C,A,B,B,A,C,D,C,B,B,C,D,D,B,A,A,A,B,D,A,B
201801096395.0,B,B,A,C,A,C,B,A,D,C,D,D,C,B,D,B,B,D,C,D,B,D,B,D,A,D,B,D,A,D
201801096498.0,B,A,A,C,C,B,B,C,A,A,A,A,A,D,A,D,B,C,A,C,B,A,D,C,C,B,D,B,C,C
201801096566.0,B,A,C,C,A,A,B,B,A,C,A,B,B,B,B,B,B,D,A,C,C,A,B,A,B,A,B,D,B,B
201801096826.0,B,A,C,A,C,A,B,C,B,D,D,D,D,D,A,B,B,D,D,C,B,A,D,A,B,C,C,D,B,A
201801096838.0,B,A,C,A,B,C,B,B,B,C,D,D,B,B,D,B,B,D,A,D,C,D,A,D,A,D,A,D,A,D
201801096890.0,B,A,C,C,C,B,A,B,A,B,B,A,B,D,C,B,C,A,A,C,A,A,D,C,D,B,C,C,D,E
201801096961.0,A,B,C,C,A,B,A,B,A,A,A,B,A,C,D,B,D,C,A,C,C,A,C,A,B,C,D,C,C,E
201801097031.0,C,A,C,A,A,C,C,B,A,D,A,D,C,B,B,D,C,C,A,C,B,B,A,A,A,B,B,D,B,A
201801097225.0,A,A,C,A,B,C,A,A,B,C,B,B,C,B,A,B,C,D,B,D,D,D,B,C,A,D,D,D,B,B
201801097471.0,A,B,C,A,A,A,A,B,C,C,D,D,C,A,D,B,B,D,C,D,B,B,A,B,A,A,C,D,A,D
201801097512.0,B,B,B,A,B,A,B,B,C,D,D,D,B,B,D,C,B,D,C,D,C,D,A,A,A,A,B,D,A,D
201801097889.0,B,B,C,C,A,B,C,D,B,B,D,A,A,C,C,B,D,C,A,C,A,B,C,A,B,D,B,B,B,B
201801097937.0,B,C,C,A,A,A,A,B,C,C,B,D,C,A,D,B,A,D,B,C,B,A,B,A,A,A,B,D,A,D
201801097960.0,C,B,C,C,C,B,C,C,A,A,D,B,B,C,A,C,D,C,B,B,A,A,D,D,C,B,C,C,C,E
201801097978.0,B,C,C,A,B,C,B,B,C,C,A,B,D,B,C,B,C,C,B,C,D,A,B,D,A,D,B,D,B,A
201801098177.0,C,B,C,A,A,A,C,B,A,A,D,B,B,C,C,B,C,D,B,C,C,A,B,D,A,C,B,C,B,B
201801098386.0,C,C,C,A,A,C,C,B,B,C,A,B,C,A,A,B,A,C,B,C,C,B,A,D,A,C,B,D,A,B
201801098392.0,A,B,A,C,A,A,A,B,B,A,C,B,B,C,A,B,D,D,A,D,C,B,D,C,C,C,D,C,C,E
201801098667.0,B,A,C,C,B,C,A,B,C,C,D,D,D,A,D,D,B,C,C,C,C,D,C,C,B,D,A,D,A,A
201801098759.0,B,B,A,C,A,C,C,B,A,C,C,C,C,B,C,B,D,D,C,C,A,D,D,A,B,C,C,D,A,A
201801098825.0,A,B,C,C,A,B,B,C,A,A,B,C,A,B,A,C,C,D,A,B,C,D,C,B,B,A,A,C,C,A
201801099086.0,B,B,C,C,A,B,B,B,A,B,A,A,A,C,C,B,C,B,A,D,A,A,D,A,C,B,C,C,C,E
201801099103.0,B,A,C,A,C,A,B,C,D,D,D,B,A,C,C,C,C,C,B,D,B,B,A,C,B,D,B,C,C,B
201801099115.0,B,C,C,C,A,C,B,C,B,C,A,C,B,C,C,B,D,D,B,D,D,D,D,B,B,B,A,D,A,A
201801099130.0,A,A,C,C,A,C,B,C,A,D,B,B,B,C,A,D,B,C,A,C,A,B,C,C,A,A,D,C,B,A
201801099390.0,A,B,A,C,A,B,A,C,A,B,D,A,B,C,B,A,C,C,B,D,A,A,D,D,C,C,C,D,C,E
201801099471.0,A,B,B,B,A,C,B,A,C,D,A,D,B,A,C,A,A,D,A,C,C,D,B,A,A,A,B,D,A,B
201801099535.0,B,B,C,C,C,A,B,D,B,B,B,C,B,C,A,A,D,D,A,B,A,B,D,B,B,D,A,C,C,D
201801099674.0,B,C,A,A,B,A,B,A,D,D,D,D,C,A,D,B,A,A,B,C,C,C,C,C,A,D,A,D,A,B
201801099717.0,B,B,B,C,B,A,B,A,C,D,A,D,B,A,D,D,C,D,A,C,C,D,B,A,A,C,B,D,A,C
201801099726.0,C,B,B,A,B,A,C,B,B,D,A,D,B,A,D,B,B,C,A,C,C,B,B,C,A,B,C,D,A,C
201801099735.0,A,C,C,C,A,A,B,B,B,B,C,C,A,C,D,C,D,C,A,C,B,B,D,B,C,C,B,D,B,D
201801099840.0,A,B,C,C,A,C,B,B,C,D,D,D,B,B,B,B,C,D,A,D,C,B,A,A,B,C,D,D,A,C
201801099899.0,B,A,A,C,C,B,B,C,A,B,C,C,A,D,C,B,C,B,A,D,A,A,A,A,C,C,C,B,C,E
201801100007.0,B,A,C,C,A,B,B,C,A,B,C,C,A,D,C,A,C,A,A,D,A,A,D,D,C,B,C,D,D,E
201801100064.0,B,B,B,A,B,A,B,A,C,D,B,D,D,B,B,D,A,D,B,C,D,D,D,A,B,C,C,D,A,A
201801100416.0,B,B,B,A,A,A,B,B,C,D,D,A,B,B,D,D,B,C,C,C,C,A,D,A,B,B,B,D,B,D
201801100510.0,B,B,C,A,B,A,A,A,C,C,B,D,C,B,D,B,A,D,B,D,C,D,B,B,A,A,D,D,A,B
201801100547.0,B,C,A,C,A,B,B,C,A,B,A,A,B,D,A,B,C,C,A,C,B,B,D,C,C,C,B,B,C,E
201801100580.0,B,A,B,B,A,C,B,B,C,C,A,B,A,D,D,D,B,D,A,C,C,B,B,C,A,D,A,D,B,D
201801100716.0,A,B,A,C,C,B,A,D,A,B,A,C,A,B,D,B,B,B,A,C,A,A,C,B,B,C,C,C,B,A
201801100828.0,B,A,C,C,B,C,B,A,D,D,D,D,C,A,D,B,B,D,B,D,C,D,B,B,A,A,A,D,B,D
201801100867.0,C,C,A,C,C,B,C,B,A,B,A,A,B,D,A,B,C,B,A,D,B,C,D,A,B,B,C,D,C,E
201801100884.0,B,A,A,C,B,C,B,B,C,D,B,D,B,A,A,D,B,D,B,C,C,A,B,C,A,C,B,D,B,D
201801100924.0,B,B,C,A,B,A,B,A,B,D,D,D,C,A,A,D,C,D,B,C,C,D,B,C,A,A,B,D,A,D
201801101186.0,A,B,C,C,B,C,B,A,C,D,D,B,B,A,D,B,D,C,B,D,C,D,B,B,A,D,B,D,A,D
201801101268.0,A,A,C,A,A,A,A,C,A,A,D,A,C,B,B,D,A,C,C,A,C,B,C,A,C,C,D,B,B,A
201801101296.0,B,B,B,C,B,B,B,B,A,B,D,C,B,D,D,A,D,C,C,C,D,C,C,B,B,B,A,D,B,C
201801101377.0,A,B,C,C,A,A,A,B,B,D,D,A,B,B,A,B,C,C,A,D,C,B,C,A,A,D,D,C,B,A
201801101625.0,C,A,A,C,C,B,C,C,A,B,C,C,A,B,C,A,B,D,A,B,B,A,D,A,B,D,C,D,A,D
201801101692.0,B,B,C,C,C,C,B,D,C,B,D,C,B,C,B,C,C,C,A,B,B,A,D,B,C,C,B,D,C,C
201801101976.0,B,B,C,C,A,B,B,B,A,B,D,A,A,C,A,C,D,D,A,B,A,A,B,D,B,D,A,C,C,B
201801101984.0,C,C,A,C,A,B,B,C,A,B,C,A,A,D,A,A,C,C,A,D,A,A,A,D,B,D,B,D,D,A
201801102001.0,B,B,C,A,A,C,C,A,D,C,D,D,C,A,B,B,C,D,B,C,C,C,B,B,A,D,B,D,A,D
201801102090.0,C,B,A,C,A,A,C,C,A,A,C,C,A,D,C,A,C,D,A,D,B,A,A,B,C,C,B,B,C,E
201801102119.0,A,B,C,B,A,B,A,D,B,B,C,C,A,A,B,C,D,D,A,B,A,C,A,B,A,A,A,D,D,A
201801102237.0,A,A,C,C,B,A,A,B,B,A,A,D,B,B,B,D,A,C,B,C,C,A,B,D,A,C,B,D,A,D
201801102526.0,C,B,C,A,B,A,B,A,C,C,D,D,C,B,A,B,A,C,A,D,B,C,B,D,A,D,B,D,A,A
201801102549.0,B,A,C,B,C,A,B,B,B,A,C,C,C,C,B,B,C,C,A,D,C,B,C,B,B,D,B,C,C,C
201801102980.0,B,A,B,A,B,A,A,A,D,D,A,D,D,B,D,A,A,D,D,D,C,A,C,A,A,C,B,D,A,D
201801102991.0,A,B,C,C,A,A,A,B,B,D,A,D,B,B,A,D,A,C,A,C,C,B,B,A,A,C,B,D,B,B
201801103001.0,B,B,A,C,C,B,B,C,A,B,B,A,A,D,C,D,C,B,A,C,A,A,D,D,C,B,C,C,C,E
201801103006.0,B,B,C,C,A,B,B,C,A,B,D,C,B,D,C,D,D,D,A,C,A,C,D,A,B,B,C,B,D,E
201801103057.0,C,B,C,C,B,A,C,C,A,D,A,B,B,C,A,A,C,C,A,B,B,B,D,D,B,C,B,C,C,E
201801103068.0,A,A,C,A,A,A,A,B,C,D,D,D,C,A,A,D,B,D,C,C,C,D,D,D,A,A,B,D,A,B
201801103074.0,B,A,C,A,B,A,B,A,D,C,B,D,D,A,D,D,A,B,D,C,C,B,C,D,A,D,C,D,A,D
201801103119.0,C,B,A,C,C,B,C,C,A,B,D,A,A,D,C,B,C,B,A,C,A,A,D,C,C,B,C,B,C,E
201801103157.0,B,B,A,C,A,B,B,C,A,B,D,A,A,C,A,C,C,B,B,B,A,A,C,A,C,C,C,C,C,C
201801103279.0,C,B,C,B,C,B,C,B,A,B,A,A,A,D,C,D,C,B,B,C,A,A,D,D,B,B,C,B,C,A
201801103493.0,A,C,A,C,B,B,B,C,A,D,C,C,B,C,B,A,C,D,A,B,B,B,C,B,B,C,D,C,B,C
201801103553.0,C,A,C,A,A,A,C,A,C,D,A,D,B,C,A,D,C,D,B,C,C,B,C,A,A,C,D,D,A,B
201801103759.0,B,C,C,A,A,A,B,B,B,D,A,D,C,C,B,B,C,C,A,D,C,A,C,A,A,D,B,D,C,A
201801103779.0,A,B,C,C,A,B,B,B,A,A,A,A,A,C,C,B,C,D,A,C,C,C,C,A,A,B,B,D,B,A
201801103867.0,B,B,C,B,A,B,B,B,B,A,D,C,B,A,A,B,C,C,A,D,C,D,D,B,A,C,B,D,B,D
201801104051.0,A,A,C,A,B,C,A,A,C,C,A,B,C,A,D,B,A,D,C,C,C,D,A,D,A,A,B,D,A,D
201801104073.0,B,C,B,C,B,B,B,C,C,B,D,C,B,C,A,B,C,C,A,A,C,B,C,A,B,C,A,D,C,C
201801104323.0,C,B,C,A,B,C,B,B,D,C,A,D,D,A,B,D,B,C,D,C,B,D,A,D,A,D,B,D,A,D
201801104363.0,B,B,B,B,A,B,A,C,B,D,B,A,B,C,A,B,B,D,A,B,B,B,B,B,A,D,B,B,C,A
201801104433.0,B,B,A,C,A,A,B,C,A,A,C,A,A,D,B,B,C,D,A,D,B,D,C,D,A,B,B,D,C,B
201801104456.0,B,B,C,A,A,C,B,A,B,C,A,C,A,C,B,B,B,C,B,C,D,A,C,B,A,D,D,A,A,D
201801104457.0,A,B,C,C,C,C,A,C,B,C,A,D,A,A,C,B,D,A,B,C,D,D,C,B,A,A,A,D,A,D
201801104608.0,B,B,C,A,A,A,B,B,C,D,A,D,C,A,D,A,A,B,B,D,C,D,B,C,A,A,B,D,A,D
201801104916.0,B,C,C,B,C,A,B,B,A,B,A,A,A,D,B,B,D,D,A,D,B,A,D,A,B,C,D,D,C,A
201801104920.0,B,A,C,A,B,A,A,A,D,C,B,B,B,A,A,D,A,D,C,C,C,D,A,D,A,D,B,D,A,D
201801104959.0,A,C,C,B,B,B,A,B,A,B,D,A,A,B,C,B,C,D,A,D,D,A,C,B,A,D,A,D,A,A
201801105017.0,B,C,C,B,A,A,B,B,A,A,A,A,B,D,A,D,D,D,A,D,D,A,B,A,B,B,A,D,A,A
201801105054.0,C,B,A,C,C,B,C,C,A,B,A,C,A,D,C,A,C,B,A,B,A,A,D,D,D,B,C,D,C,E
201801105381.0,B,A,C,C,A,B,B,C,A,B,A,C,A,D,C,B,D,B,A,D,A,C,D,D,C,B,C,D,D,E
201801105609.0,B,C,C,C,B,A,B,A,B,D,B,D,C,C,B,B,A,D,A,C,C,B,B,C,B,C,D,D,A,A
201801105695.0,B,C,B,A,B,C,B,B,D,A,B,D,D,B,B,D,D,D,A,C,B,A,A,B,A,A,B,D,A,A
201801105804.0,B,B,C,C,A,B,B,A,B,D,B,C,B,B,C,B,B,D,A,D,C,B,D,D,A,B,B,D,B,E
201801105856.0,B,B,C,A,A,A,B,B,D,C,C,D,B,A,A,B,C,D,D,B,C,B,B,B,A,A,B,D,A,D
201801105864.0,A,C,C,B,A,B,A,C,A,B,C,A,A,D,A,A,C,B,A,B,A,B,B,B,C,C,D,D,D,E
201801106112.0,A,A,C,C,A,C,B,B,B,C,C,D,B,B,A,B,A,D,B,D,C,A,A,A,B,A,B,D,A,D
201801106247.0,C,B,B,C,B,A,C,B,C,A,A,B,C,A,C,D,A,C,B,C,C,A,B,A,A,D,D,D,A,C
201801106336.0,C,B,C,A,A,A,C,B,A,A,D,A,B,B,C,B,B,C,C,D,C,A,B,C,A,D,C,D,C,C
201801106365.0,B,A,C,A,B,A,B,B,D,C,A,D,D,B,D,B,A,D,B,D,C,D,A,D,A,B,A,D,A,B
201801106421.0,C,C,B,C,A,A,C,B,A,B,A,C,A,B,A,A,C,C,A,D,A,D,D,B,A,A,B,D,C,A
201801106434.0,B,B,C,C,C,B,B,B,A,B,D,A,A,C,C,D,D,B,A,C,A,B,D,B,B,B,D,B,D,E
201801106438.0,B,B,C,C,A,A,B,A,B,D,D,B,B,A,B,B,B,D,B,C,D,A,B,A,A,A,C,D,A,D
201801106490.0,B,A,A,C,C,B,B,B,B,B,D,C,A,D,A,B,C,D,A,C,A,C,D,B,B,B,B,C,C,D
201801106555.0,B,C,C,A,B,B,B,C,B,B,D,A,A,C,A,A,D,C,A,D,A,A,D,D,B,C,A,A,C,A
201801106695.0,B,A,B,A,B,A,B,A,C,D,D,D,C,A,B,D,A,D,C,C,C,B,A,A,A,A,B,D,A,D
201801106731.0,B,B,C,C,B,C,B,B,B,C,D,D,C,A,C,A,C,B,D,D,B,B,A,B,A,C,D,D,A,A
201801106820.0,B,B,A,C,A,B,B,D,A,B,D,C,A,D,C,A,C,C,A,B,A,A,C,B,D,B,B,D,C,E
201801107026.0,B,A,C,A,B,A,B,A,C,D,B,D,C,D,A,B,B,D,C,D,D,B,B,C,A,C,A,D,A,A
201801107038.0,B,B,C,A,B,A,C,B,C,D,A,D,C,B,B,B,A,C,C,D,C,B,B,A,A,D,B,D,A,A
201801107104.0,C,C,C,B,B,B,C,C,A,A,D,C,A,D,C,C,C,C,A,B,A,A,C,A,B,B,D,D,C,E
201801107151.0,B,A,A,C,C,B,B,D,A,B,A,A,A,C,B,C,B,C,A,D,C,A,B,B,B,B,A,B,C,D
201801107152.0,A,B,A,A,B,B,B,B,B,D,A,A,B,A,B,B,C,D,A,D,D,B,D,D,B,D,A,D,A,D
201801107256.0,B,B,C,C,A,B,B,B,B,A,D,A,B,D,A,A,D,D,B,D,A,A,C,C,C,B,B,C,B,C
201801107375.0,C,C,C,C,A,A,C,C,B,D,D,A,B,B,A,A,D,B,A,B,C,B,B,B,B,D,A,D,B,C
201801107508.0,A,A,C,B,B,A,B,B,B,C,D,D,A,A,B,A,A,D,A,B,D,D,A,B,A,A,D,A,A,B
201801107599.0,B,B,C,A,B,C,B,B,C,C,D,D,C,A,A,C,A,D,C,B,C,B,A,C,A,B,A,D,A,D
201801107651.0,C,C,C,A,A,A,C,B,B,D,D,A,C,B,C,B,A,D,C,C,D,A,A,C,B,C,C,D,A,B
201801107668.0,A,B,C,C,A,B,B,C,B,B,D,C,B,A,B,C,C,D,A,A,A,B,D,B,B,D,A,D,D,D
201801107993.0,B,C,C,A,A,A,B,B,B,A,A,B,B,D,B,B,D,D,A,C,C,B,C,C,B,D,B,D,B,C
201801108000.0,B,A,C,C,A,B,B,D,A,B,B,A,A,D,A,B,C,D,A,A,A,A,C,B,B,D,A,D,D,C
201801108131.0,C,B,C,C,B,C,C,B,B,C,C,D,B,A,A,A,A,D,C,D,C,D,A,A,B,C,B,D,A,A
201801108207.0,B,A,A,C,A,C,B,C,B,C,C,C,B,B,A,C,A,C,A,A,C,B,C,D,A,D,B,D,A,B
201801108225.0,B,C,C,C,B,B,B,C,A,D,D,B,B,D,C,B,B,C,A,D,A,A,D,D,B,D,B,D,C,C
201801108274.0,B,C,C,C,A,B,B,C,A,D,A,D,A,D,C,B,C,B,A,C,A,A,D,C,C,C,C,D,D,E
201801108290.0,C,C,C,C,A,B,C,C,B,B,C,A,B,C,A,A,C,C,A,B,B,B,D,A,B,A,B,C,B,D
201801108372.0,B,C,B,A,B,A,B,B,C,C,A,B,C,A,B,B,B,D,B,C,B,B,C,D,A,D,B,D,A,A
201801108393.0,A,B,B,B,B,C,A,A,D,C,B,D,D,A,A,B,B,D,C,C,C,D,B,A,A,C,B,D,A,D
201801108425.0,B,B,A,C,A,B,B,C,A,B,D,B,A,B,C,B,D,B,A,D,B,A,D,D,C,C,C,C,C,C
201801108547.0,C,C,C,C,A,B,C,B,B,B,D,C,C,D,B,A,D,D,A,D,A,A,D,B,C,C,C,B,A,A
201801108582.0,B,A,C,A,B,C,B,A,D,C,A,D,D,A,B,D,A,D,C,C,D,D,C,B,A,A,B,D,A,B
201801108660.0,A,B,C,A,B,A,B,A,D,D,D,D,D,A,D,B,A,C,B,D,C,B,B,D,A,D,B,D,A,C
201801108752.0,B,B,C,C,B,B,B,B,A,A,D,A,B,D,B,B,C,C,A,C,B,A,D,A,B,D,B,D,C,B
201801108853.0,A,C,C,C,A,B,B,B,A,B,A,A,B,C,A,B,C,C,A,D,A,A,D,D,B,D,B,D,D,C
201801108879.0,B,A,C,C,B,C,B,A,B,C,B,D,B,B,C,D,C,D,A,C,C,B,A,C,A,C,D,D,A,A
201801109130.0,B,A,C,C,A,B,B,B,A,B,C,C,A,D,C,D,C,C,A,C,A,C,D,D,C,B,C,D,C,C
201801109260.0,B,B,A,C,C,B,B,B,A,B,A,C,A,D,A,A,C,B,A,B,A,A,D,D,C,B,C,C,C,E
201801109613.0,A,A,C,C,B,C,B,B,D,D,A,B,A,A,B,B,C,D,A,D,D,A,A,A,A,C,A,C,A,A
201801109743.0,A,C,C,C,A,B,B,B,A,A,C,A,A,C,A,C,C,B,A,D,B,A,C,A,B,C,A,D,C,C
201801109782.0,C,A,C,A,A,A,C,B,C,C,D,D,C,A,C,D,B,C,B,C,C,D,C,D,A,A,D,D,A,A
201801109808.0,B,B,B,A,B,C,B,B,C,D,A,D,B,B,C,C,B,D,C,B,D,B,A,B,A,C,D,D,A,A
201801109875.0,B,A,B,A,A,A,B,A,B,D,D,B,C,B,C,D,B,D,B,C,C,B,D,C,A,C,D,D,B,C
201801109882.0,A,A,C,A,C,C,B,B,C,C,D,D,B,C,B,B,C,D,A,D,C,B,B,D,B,C,A,D,B,D
201801109896.0,B,B,C,A,B,A,C,B,B,D,A,B,C,B,A,A,B,D,C,D,C,B,C,A,B,A,D,C,B,D
201801109900.0,C,B,A,A,A,A,C,A,C,D,D,D,C,B,A,B,B,D,A,D,C,D,C,D,A,A,C,D,B,A
201801110054.0,A,A,C,A,B,A,A,B,C,C,B,D,B,A,D,D,B,D,B,C,C,D,B,A,A,C,B,D,A,D
201801110068.0,B,B,C,C,C,B,B,B,A,A,D,A,A,D,C,B,C,D,A,C,A,A,B,C,B,C,C,D,B,E
201801110141.0,B,A,C,C,A,B,A,B,A,B,B,A,A,B,C,D,C,A,A,C,A,A,D,C,C,C,B,C,C,C
201801110176.0,A,A,C,A,A,A,A,B,B,C,A,D,C,B,D,B,B,D,A,D,D,D,C,D,A,D,B,D,A,B
201801110206.0,C,B,C,B,A,A,C,B,B,A,C,C,B,C,A,B,C,C,A,B,C,A,B,C,B,B,B,D,A,A
201801110212.0,B,C,C,C,B,A,B,A,A,A,A,A,A,D,A,B,C,B,A,D,B,B,D,A,B,D,B,D,C,E
201801110344.0,B,A,C,B,A,C,B,B,C,D,B,B,B,A,C,B,D,C,B,C,C,B,A,D,A,D,B,D,A,C
201801110358.0,B,B,C,C,A,B,B,C,A,B,B,C,A,C,C,D,C,C,A,C,A,A,D,C,B,B,B,D,D,E
201801110573.0,A,C,B,B,A,B,B,B,C,B,C,B,A,B,B,B,C,C,A,B,C,C,B,D,A,B,A,C,C,B
201801110663.0,B,C,B,C,A,B,B,C,A,B,D,C,B,D,A,B,D,D,A,C,B,A,D,B,C,B,A,B,C,C
201801110692.0,C,B,A,C,A,B,C,B,A,B,C,C,A,C,C,C,D,A,A,C,A,C,A,A,B,B,C,C,D,E
201801110904.0,C,A,C,C,A,B,B,C,A,A,B,A,B,D,A,B,B,A,A,D,A,C,D,D,B,D,C,D,C,E
201801110936.0,B,C,C,C,B,A,B,C,B,A,D,B,A,C,B,B,D,C,A,D,C,B,D,D,A,D,B,D,B,B
201801110958.0,B,A,C,A,A,C,B,A,C,D,D,D,C,B,D,D,C,D,B,C,B,D,D,C,A,B,B,D,A,D
201801111023.0,B,B,C,B,C,B,C,D,A,B,D,C,B,C,B,C,C,B,A,B,A,A,A,B,C,B,C,B,C,E
201801111029.0,B,A,B,C,A,A,B,B,B,D,B,D,B,B,C,D,B,D,A,C,D,B,B,A,A,A,B,D,A,D
201801111099.0,A,B,C,C,B,B,A,B,B,C,A,C,B,C,B,B,C,C,A,B,C,D,C,A,A,A,A,C,B,A
201801111333.0,B,A,B,C,A,C,B,A,C,C,A,D,C,A,C,B,A,D,A,D,B,D,B,C,A,A,B,D,A,D
201801111914.0,A,B,C,A,A,B,A,B,A,D,B,B,B,A,B,D,B,C,A,C,C,A,C,A,A,D,C,D,C,B
201801112121.0,B,B,C,C,B,A,B,B,C,C,D,B,B,B,D,B,A,D,B,B,C,A,A,A,A,B,B,D,A,D
201801112192.0,B,A,A,B,A,C,B,B,B,D,B,C,B,A,A,A,C,C,A,B,D,A,D,B,A,D,C,D,A,B
201801112228.0,B,C,C,C,B,A,A,A,B,D,B,A,B,B,A,B,A,D,B,C,D,B,B,D,A,D,B,D,A,B
201801112366.0,B,B,C,C,B,C,B,C,C,D,D,D,C,A,A,C,B,D,B,A,C,D,B,B,A,D,D,D,A,B
201801112468.0,B,C,B,C,B,B,B,B,A,B,D,C,A,C,A,A,D,C,B,D,A,B,D,D,A,A,D,C,C,C
201801112599.0,B,B,B,B,A,B,B,B,A,B,A,C,B,D,C,C,D,D,A,C,D,A,D,A,C,C,B,B,D,C
201801112819.0,A,A,C,B,A,B,B,C,A,A,D,A,A,D,B,A,B,D,A,D,B,B,B,C,A,D,D,D,B,C
201801112846.0,B,B,B,C,A,B,B,C,C,B,D,C,A,C,B,B,C,C,A,A,C,A,C,B,B,B,B,D,C,A
201801112859.0,B,A,A,C,A,A,B,C,A,A,A,B,A,D,C,D,D,C,A,C,A,A,D,C,C,B,C,C,C,C
201801112870.0,B,B,C,A,A,A,A,A,C,D,B,D,C,A,B,B,B,D,B,D,D,A,A,D,A,D,B,D,B,A
201801112960.0,B,B,A,C,C,B,B,C,A,B,D,C,A,C,C,B,D,C,A,C,A,C,C,A,C,B,C,C,C,E
201801112989.0,B,B,A,C,C,B,B,B,A,B,A,B,A,D,C,D,D,A,A,C,A,A,D,D,B,B,C,C,C,C
201801113097.0,B,A,C,A,B,A,C,B,C,D,C,D,C,A,D,B,A,D,B,B,C,C,B,B,A,C,A,D,A,B
201801113305.0,B,A,C,B,A,B,B,B,A,B,D,C,A,C,D,C,C,C,A,B,C,A,D,D,B,C,D,D,C,A
201801113413.0,B,A,C,C,A,B,B,C,A,B,B,A,A,D,A,D,D,D,A,C,A,A,C,A,B,D,B,D,D,A
201801113512.0,B,A,A,A,B,C,B,A,C,D,D,D,C,A,A,B,C,C,B,D,D,D,B,C,A,C,C,D,A,B
201801113650.0,B,A,C,B,A,B,B,C,C,B,C,C,B,D,C,B,C,D,A,A,B,A,D,C,B,B,B,D,C,A
201801113717.0,B,B,C,C,A,A,B,B,D,C,C,B,B,B,C,C,B,B,A,D,D,A,D,A,C,B,C,D,A,A
201801113857.0,B,A,B,A,B,C,B,A,B,C,C,D,C,A,D,A,B,D,B,C,C,D,A,D,A,C,A,D,B,D
201801113955.0,B,B,B,C,A,A,B,C,A,D,A,A,B,B,C,A,C,C,B,D,C,B,B,A,B,D,D,C,B,C
201801113994.0,B,B,C,A,B,A,B,B,C,D,D,D,B,B,B,B,B,D,C,C,C,B,B,A,A,B,B,D,A,A
201801114107.0,C,A,B,A,A,C,C,A,B,C,A,D,B,B,A,D,B,C,A,C,C,D,C,D,A,C,D,D,A,D
201801114147.0,B,A,C,A,B,A,B,B,B,D,D,B,C,A,B,B,C,C,B,C,C,D,C,D,A,D,D,D,A,B
201801114161.0,C,A,C,B,C,A,B,B,B,C,A,A,B,D,B,A,A,D,C,C,D,D,D,A,A,B,B,D,A,D
201801114192.0,C,B,A,C,C,A,C,C,A,A,A,C,B,C,C,B,C,B,B,D,A,A,D,A,C,D,C,C,C,C
201801114265.0,B,C,C,C,B,C,B,B,D,C,A,D,B,B,A,D,B,D,C,D,D,A,A,D,A,B,B,D,A,D
201801114336.0,C,A,C,C,A,A,B,B,C,C,C,D,C,B,A,A,C,C,B,B,C,A,C,C,A,D,D,D,A,D
201801114430.0,B,C,C,C,C,B,B,B,A,B,D,A,A,C,C,B,D,D,B,C,A,B,D,D,B,D,C,D,D,E
201801114506.0,B,B,B,A,B,C,B,B,D,C,A,D,D,A,D,B,A,D,B,D,C,D,A,A,A,B,A,A,A,D
201801114518.0,B,B,A,A,C,B,B,B,C,D,A,D,D,A,A,B,C,B,B,C,B,B,B,D,A,C,B,D,A,A
201801114525.0,B,C,C,C,C,A,B,B,A,C,A,A,A,A,C,B,C,D,A,C,B,C,B,A,A,B,D,C,B,E
201801114716.0,B,C,C,A,B,B,B,B,B,D,B,B,B,B,C,B,B,D,A,C,C,B,D,B,A,D,D,D,B,D
201801114758.0,B,C,C,C,B,B,B,C,A,B,C,A,A,C,C,B,D,B,A,B,B,C,C,A,B,B,B,D,C,C
201801114991.0,B,A,C,A,A,B,B,A,C,D,A,D,D,A,B,B,B,D,B,C,D,D,B,B,A,D,B,D,A,B
201801115059.0,C,A,C,C,A,A,C,B,B,D,C,C,B,C,A,D,C,C,B,D,D,B,C,B,A,A,D,D,A,C
201801115108.0,B,C,A,B,B,C,B,C,B,D,A,D,A,A,A,A,D,C,B,B,C,D,B,B,A,D,B,D,A,A
201801115299.0,B,C,C,A,A,A,B,B,C,D,D,A,C,B,C,B,C,C,B,D,C,B,B,A,A,D,B,D,A,B
201801115315.0,C,B,C,B,A,A,C,A,A,A,D,B,A,D,A,D,D,C,A,C,A,A,C,A,C,B,C,D,C,E
201801115378.0,A,B,C,C,A,B,A,C,A,A,A,C,A,C,C,B,C,D,A,D,B,B,D,A,B,C,C,D,C,A
201801115494.0,B,B,C,A,B,A,B,A,C,D,B,D,D,A,B,B,A,D,B,C,D,D,A,C,A,A,A,D,A,D
201801115525.0,B,C,C,C,A,C,B,C,A,D,C,A,B,A,C,C,B,C,B,B,C,D,C,A,A,D,A,D,B,B
201801115588.0,B,B,C,C,A,C,B,B,A,D,A,B,B,C,C,D,D,C,B,C,D,B,D,B,B,C,D,C,C,E
201801115699.0,C,B,B,A,B,C,C,A,C,C,A,D,C,A,C,D,A,D,C,D,D,D,D,B,A,D,B,D,A,D
201801115757.0,B,A,C,C,B,B,C,C,B,C,A,A,A,A,C,C,B,C,A,D,B,D,C,A,A,A,A,D,A,A
201801115919.0,C,B,A,C,C,B,B,B,B,B,C,C,B,D,D,B,D,B,A,C,A,C,C,D,C,B,C,A,C,E
201801115933.0,A,A,C,C,A,C,A,C,C,D,D,C,A,C,D,A,C,D,B,B,D,B,D,A,A,D,A,D,D,D
201801116103.0,C,B,A,C,A,B,C,B,A,B,A,A,B,C,A,D,C,C,A,C,A,A,D,A,C,C,C,B,C,E
201801116153.0,B,A,C,C,A,A,B,A,C,D,A,B,B,B,C,D,B,D,A,C,C,B,C,A,A,B,B,D,B,A
201801116210.0,B,A,C,C,B,B,B,A,D,D,D,B,B,A,D,A,C,B,A,D,C,A,C,B,A,A,B,D,B,B
201801116351.0,B,B,B,A,B,C,B,A,B,C,B,D,C,B,D,B,B,C,B,C,D,A,B,B,B,D,A,D,A,A
201801116515.0,B,A,B,C,C,A,A,C,A,B,A,A,A,C,A,B,C,C,A,D,B,B,C,A,A,D,B,C,C,C
201801116588.0,C,B,B,A,A,C,C,B,D,C,A,B,D,A,A,B,B,D,B,D,C,B,C,B,A,D,B,D,A,D
201801116774.0,B,C,C,C,A,A,B,B,B,D,D,D,B,B,B,A,C,C,A,B,C,A,B,B,B,D,B,C,B,A
201801116953.0,B,B,C,C,B,A,B,B,C,D,D,D,D,C,D,D,C,D,A,C,C,A,A,B,A,B,A,D,A,D
201801116962.0,B,B,C,C,A,A,B,C,B,B,A,C,A,B,A,A,D,C,A,D,B,A,C,B,C,C,D,D,C,A
201801116995.0,B,A,C,C,A,B,C,B,B,D,A,D,A,B,A,B,C,C,A,D,C,B,B,D,A,D,C,D,A,D
201801117002.0,A,C,A,C,A,B,A,D,A,B,D,C,B,B,A,A,D,B,A,A,C,D,C,A,A,B,B,D,A,C
201801117089.0,B,C,C,A,A,A,B,B,B,A,B,B,B,C,B,D,C,D,A,C,C,B,C,C,B,C,B,D,B,A
201801117121.0,B,A,C,A,A,C,B,B,D,D,D,B,C,C,D,D,C,C,B,C,D,B,C,A,A,D,B,D,A,D
201801117150.0,C,B,C,C,A,B,C,B,B,B,C,C,A,B,B,B,B,B,A,C,A,A,D,B,C,C,B,C,D,C
201801117181.0,A,B,A,C,A,A,A,C,B,D,A,A,B,A,D,C,C,C,B,D,C,D,B,B,A,D,B,D,A,D
201801117367.0,C,B,C,C,A,B,C,D,A,B,B,A,A,C,A,A,D,D,A,B,B,D,C,B,B,D,B,D,C,A
201801117373.0,A,B,C,A,B,A,B,B,C,D,A,D,C,A,D,B,B,D,C,C,C,D,A,A,A,D,D,D,A,D
201801117443.0,B,B,C,C,B,B,C,B,A,A,D,C,A,B,A,B,B,C,A,B,D,D,C,A,A,C,A,D,B,B
201801117554.0,A,B,B,A,B,B,B,B,B,D,B,B,B,D,B,C,D,D,A,D,B,B,C,B,C,A,A,A,B,D
201801117672.0,B,C,B,C,C,B,B,B,A,A,A,B,B,C,D,D,B,B,B,C,B,A,D,A,C,C,D,D,C,E
201801117780.0,A,C,C,C,A,A,B,B,D,C,B,A,B,A,D,B,C,B,B,C,C,B,C,B,A,A,A,D,A,D
201801117801.0,C,B,C,C,A,B,C,B,B,B,A,B,C,C,B,B,C,B,A,D,B,A,D,D,C,C,D,C,C,E
201801117927.0,B,A,C,C,A,B,B,B,A,D,D,D,A,D,D,D,D,D,A,C,A,A,D,C,B,D,A,D,C,D
201801118083.0,B,B,A,C,A,B,B,B,A,B,D,A,A,D,C,A,C,C,A,B,A,A,C,A,B,B,C,D,C,E
201801118120.0,B,A,C,C,A,B,B,B,A,B,A,B,B,C,C,D,C,D,A,C,B,B,C,C,B,C,D,D,B,C
201801118302.0,B,C,A,C,A,B,B,B,A,B,A,D,B,D,C,D,C,B,A,C,A,A,D,B,D,C,C,D,C,E
201801118341.0,A,A,B,A,A,A,A,B,D,D,A,D,B,B,D,A,B,C,C,B,C,C,C,B,A,C,A,D,A,B
201801118346.0,A,B,C,C,A,B,A,B,B,A,A,D,B,A,B,B,B,A,B,D,C,C,B,C,B,B,C,C,B,E
201801118503.0,B,B,C,C,A,A,B,B,A,A,A,A,B,C,C,D,C,C,A,C,C,A,D,B,D,B,D,B,C,E
201801118555.0,B,B,C,A,B,C,C,B,C,C,A,D,B,B,A,B,A,D,B,C,C,A,A,A,A,D,B,D,A,B
201801118633.0,B,C,C,B,B,B,B,B,B,D,A,C,B,C,B,B,B,D,A,D,A,B,D,A,B,C,C,B,D,A
201801118718.0,C,C,A,C,A,A,A,C,B,A,C,A,B,B,B,D,D,C,A,C,B,A,D,C,C,B,B,C,C,E
201801118776.0,B,B,C,A,B,A,B,A,D,C,B,D,D,B,D,B,B,D,A,C,C,B,B,C,A,C,C,D,A,A
201801118856.0,B,B,A,C,A,B,B,B,A,B,A,C,A,D,B,B,D,D,A,D,A,D,D,B,B,D,B,D,C,C
201801119228.0,A,B,A,C,B,C,A,B,B,C,C,B,A,B,A,B,C,C,B,D,C,B,C,A,A,C,B,D,B,B
201801119283.0,B,B,C,A,B,A,B,A,C,D,D,A,C,D,B,B,B,D,A,D,C,D,C,D,A,D,A,D,B,D
201801119337.0,B,A,C,B,A,A,B,C,B,D,C,C,A,A,C,C,A,D,A,B,A,B,B,B,A,D,B,D,A,B
201801119346.0,C,A,C,C,A,A,B,A,B,A,A,A,B,C,D,D,D,C,A,C,C,B,C,C,A,D,A,D,A,D
201801119499.0,A,B,A,A,A,C,A,B,A,C,B,B,B,C,D,B,B,D,C,C,C,A,C,A,A,C,B,D,B,A
201801119678.0,B,A,C,C,A,B,B,B,A,B,A,B,B,D,C,D,C,C,A,C,B,A,D,C,B,C,D,D,C,C
201801119693.0,B,A,C,A,C,B,B,B,A,D,D,B,A,D,D,D,C,D,A,C,C,A,D,A,B,D,C,B,C,A
201801119741.0,B,B,C,A,A,A,B,B,C,D,D,B,C,B,A,A,B,D,C,D,C,B,C,A,A,D,B,D,B,D
201801119884.0,B,B,B,A,B,A,B,A,D,C,A,B,D,C,B,B,A,D,B,C,C,A,B,B,A,D,B,D,A,A
201801119943.0,A,B,C,C,B,B,A,B,B,B,C,C,A,B,D,B,D,C,A,D,B,A,D,A,B,A,A,C,C,D
201801119950.0,B,B,C,A,A,A,A,B,B,A,D,B,B,C,A,A,C,C,B,C,C,A,C,D,B,A,B,D,C,B
201801120038.0,A,B,A,B,A,A,A,A,C,D,D,A,D,B,A,C,B,C,B,B,C,B,C,D,C,C,B,C,B,A
201801120040.0,B,A,B,A,A,C,B,A,A,C,B,D,B,A,D,D,A,D,A,D,C,D,B,B,B,B,A,D,A,D
201801120049.0,A,C,C,A,B,C,A,A,C,C,A,C,C,A,B,B,B,B,A,C,D,D,D,A,A,A,A,D,A,D
201801120260.0,B,A,B,C,A,B,B,A,A,B,A,C,B,C,C,B,B,C,A,D,C,A,D,C,A,B,B,D,C,A
201801120406.0,A,B,A,A,A,C,B,B,B,D,D,A,B,B,D,B,B,D,B,C,D,A,C,D,C,A,A,D,A,A
201801120453.0,A,A,C,A,C,B,A,C,B,B,A,C,B,C,C,A,B,C,B,B,C,A,C,A,B,D,B,C,C,A
201801120524.0,B,C,B,A,B,A,B,B,C,D,A,D,C,B,D,B,B,D,C,D,C,A,C,A,A,C,A,A,A,B
201801120578.0,B,B,C,A,A,A,C,B,B,D,A,C,B,B,B,A,D,D,A,D,C,B,D,C,A,C,B,B,C,B
201801120659.0,A,C,C,C,B,B,A,B,C,B,A,C,A,A,A,B,D,D,A,D,C,A,C,B,C,D,B,C,C,D
201801120843.0,B,B,C,A,A,C,B,A,B,C,B,D,C,A,D,B,A,D,C,C,C,D,B,B,A,A,A,A,A,D
201801121301.0,B,C,C,A,A,A,B,B,C,C,D,B,D,A,B,B,A,C,D,B,C,D,C,B,A,D,B,D,A,D
201801121303.0,C,B,A,C,C,A,C,C,C,D,D,C,B,B,B,C,D,D,C,B,C,B,B,B,A,A,B,D,B,D
201801121404.0,C,B,A,C,C,B,C,C,A,A,C,A,A,D,C,A,B,C,A,D,A,A,D,A,C,B,C,B,C,E
201801121425.0,B,A,C,A,B,A,B,A,D,C,D,B,B,B,C,D,B,D,C,D,D,B,D,D,A,C,A,D,B,D
201801121454.0,B,B,C,C,A,A,C,C,B,D,A,A,B,C,B,A,C,C,A,B,B,A,C,B,C,D,B,B,D,A
201801121632.0,B,B,B,C,B,A,C,A,D,D,A,D,B,A,B,B,A,A,D,D,C,B,A,B,A,D,D,D,A,B
201801121641.0,A,A,C,A,A,A,B,B,A,C,C,A,B,A,C,B,D,D,A,C,C,C,D,A,A,A,A,A,C,D
201801121705.0,A,B,A,A,A,A,B,C,D,D,D,A,C,B,D,B,B,B,D,C,B,B,C,C,A,C,D,B,C,C
201801122147.0,C,B,A,C,C,B,C,C,A,B,D,C,B,A,B,C,D,D,C,B,A,A,D,C,A,C,C,A,C,E
201801122174.0,B,B,C,B,A,B,B,B,B,B,D,D,A,C,A,A,C,C,A,C,A,A,C,D,B,B,B,C,C,B
201801122200.0,B,A,C,C,A,B,B,B,C,B,A,C,A,B,C,A,D,C,A,B,A,C,D,A,B,B,C,D,C,E
201801122257.0,B,A,C,A,A,C,B,B,C,C,D,D,C,A,D,B,B,C,C,D,B,B,C,B,A,C,B,D,B,D
201801122479.0,A,A,C,C,A,A,B,B,B,D,B,B,C,B,A,D,A,D,A,C,C,A,C,C,B,D,D,D,A,E
201801122769.0,B,C,A,C,A,B,B,C,A,A,D,A,A,C,A,B,A,C,A,B,A,D,D,B,B,D,A,D,C,A
201801122878.0,B,C,C,C,B,B,B,B,A,B,D,A,B,D,A,A,B,C,A,D,A,B,D,C,B,C,B,D,C,A
201801122980.0,A,A,C,B,A,A,A,B,B,C,A,C,B,A,A,B,A,D,B,D,C,D,B,C,A,D,B,D,A,D
201801123081.0,A,B,A,C,A,B,B,D,A,D,B,A,A,D,D,A,D,D,A,A,D,A,D,B,A,A,A,C,D,A
201801123084.0,C,C,C,B,B,C,C,A,B,C,C,D,B,B,D,B,A,D,A,B,C,D,B,D,A,A,B,D,A,D
201801151824.0,B,B,C,A,A,B,B,B,C,D,A,A,B,B,C,B,C,D,B,C,C,B,D,A,B,C,C,D,C,C
201801151843.0,B,A,C,C,A,B,A,C,A,B,B,C,B,B,A,A,D,C,A,D,C,A,C,B,B,D,B,D,C,A
201801151935.0,B,B,C,A,A,A,B,C,A,C,D,C,A,A,A,A,A,D,D,D,D,B,C,A,A,D,B,A,A,A
201801152285.0,A,A,C,C,A,A,A,C,A,D,D,A,B,B,D,B,C,D,A,C,B,A,B,D,B,C,B,D,B,C
201801152296.0,B,A,C,C,A,B,B,B,B,A,D,A,C,C,C,D,B,D,C,C,C,D,C,C,A,B,C,D,C,C
201801152401.0,B,B,C,A,A,A,B,A,D,A,A,D,D,B,C,D,C,D,B,C,C,B,B,C,A,B,D,D,A,A
201801152403.0,B,C,B,A,B,C,B,B,C,D,D,D,D,A,A,D,A,D,C,C,B,D,A,A,A,A,C,D,A,D
201801152450.0,A,B,B,A,A,A,A,B,B,C,D,A,B,C,B,D,B,D,A,C,C,B,C,A,A,B,A,D,B,A
201801152583.0,B,B,C,A,A,C,B,B,B,C,D,B,C,B,D,B,C,B,B,D,C,B,A,A,B,D,B,C,B,B
201801152701.0,A,B,C,A,A,B,B,B,A,B,A,C,B,C,A,B,D,D,A,D,B,A,C,D,C,D,B,D,C,A
201801152901.0,A,C,B,C,C,A,A,B,A,D,D,B,C,C,C,B,C,C,A,D,B,A,C,B,B,C,D,C,C,A
201801153001.0,B,A,C,B,C,B,B,D,B,B,A,A,A,D,C,A,D,D,A,B,A,D,D,B,B,D,A,D,B,D
201801153031.0,B,A,A,C,A,B,B,C,B,B,D,A,A,D,A,B,D,D,A,B,B,A,A,B,B,C,C,D,C,E
201801153062.0,B,B,C,B,A,C,B,B,A,C,A,B,B,B,C,B,B,D,A,D,B,D,B,A,B,C,C,D,B,A
201801153142.0,A,A,C,C,A,B,B,B,A,B,C,A,A,D,A,A,C,A,A,B,A,C,D,A,B,B,B,D,D,E
201801153187.0,A,B,A,C,A,A,A,B,B,A,D,A,A,D,B,A,D,C,B,B,B,A,C,A,B,C,D,C,C,A
201801153188.0,B,A,C,C,C,B,B,B,A,B,A,A,A,D,A,D,D,C,A,C,A,B,B,A,B,C,A,D,C,A
201801153273.0,B,B,C,A,A,C,B,A,D,C,D,D,D,A,D,B,A,C,B,C,B,D,B,A,A,A,A,D,A,D
201801153304.0,A,B,C,C,B,A,B,B,B,D,A,B,D,B,A,C,A,C,B,A,D,A,B,A,A,D,B,D,A,D
201801153331.0,C,C,A,C,C,A,C,C,B,D,A,C,A,D,C,C,D,D,A,B,C,B,D,A,B,D,B,A,A,D
201801153340.0,B,C,C,C,A,A,B,C,C,A,C,D,B,A,D,C,D,D,A,B,B,A,C,A,B,C,A,D,C,D
201801153485.0,B,A,C,A,B,C,B,B,B,B,B,C,D,C,A,D,C,C,A,C,C,D,B,A,A,D,A,D,A,D
201801153586.0,B,C,C,C,C,A,C,C,A,D,D,C,B,B,A,A,C,C,A,B,A,A,D,B,B,B,A,D,C,C
201801153631.0,C,B,C,C,C,B,C,B,A,B,B,A,C,D,A,B,D,B,A,C,A,A,D,D,B,B,B,D,D,E
201801153632.0,B,C,C,A,B,A,B,A,C,D,D,B,D,A,A,B,A,D,C,D,C,D,B,C,A,C,D,D,A,B
201801153637.0,A,A,B,A,B,C,A,B,D,C,A,D,B,A,D,D,B,D,B,C,D,D,B,C,A,D,B,D,A,D
201801153651.0,B,B,C,A,A,C,A,B,C,D,D,B,D,A,A,A,B,D,B,D,B,B,C,A,A,C,B,C,A,A
201801153920.0,B,B,A,C,C,B,B,B,A,B,D,A,A,D,A,B,D,D,A,D,C,B,D,A,C,B,D,D,C,C
201801153965.0,B,B,C,C,A,A,B,C,D,D,C,D,B,D,B,D,D,D,C,A,B,C,C,B,B,C,A,D,A,D
201801153974.0,B,B,A,C,A,B,B,C,A,B,D,A,B,D,C,C,C,C,A,D,A,C,C,B,C,B,C,C,C,E
201801154057.0,B,B,B,A,B,C,B,A,C,C,D,D,D,C,B,A,C,D,B,C,C,D,C,B,A,A,B,D,A,D
201801154060.0,B,B,C,C,A,B,B,B,A,B,C,A,A,D,C,B,D,D,B,D,B,B,D,B,B,B,B,D,C,B
201801154159.0,A,A,A,B,A,B,C,B,A,D,C,C,B,D,B,C,D,B,D,B,A,D,D,C,A,C,A,D,C,A
201801154244.0,A,C,C,C,A,A,B,B,C,A,A,B,B,C,D,B,C,D,A,D,D,B,C,A,B,D,A,D,A,D
201801154335.0,B,A,C,C,B,A,B,B,A,D,C,B,B,D,C,B,C,D,A,B,B,B,C,A,C,A,B,D,B,C
201801154626.0,B,A,B,A,B,C,B,A,D,C,B,A,D,A,C,B,A,D,D,C,A,A,D,D,A,D,B,D,A,B
201801154693.0,C,A,C,A,B,C,C,B,D,C,A,D,D,B,D,D,A,D,C,C,C,A,A,D,A,A,B,D,B,D
201801154752.0,B,B,C,B,B,C,A,C,C,C,A,B,A,A,B,A,C,D,B,D,C,D,B,D,A,A,B,D,B,B
201801154810.0,A,A,C,C,C,B,B,D,B,B,B,C,A,B,A,D,C,D,A,D,B,C,D,A,C,D,C,A,B,A
201801154846.0,B,B,A,C,C,B,A,D,A,B,A,C,A,A,D,C,D,A,A,D,B,B,D,A,A,B,B,C,C,B
201801154866.0,A,B,C,C,B,A,B,C,B,A,C,C,B,B,D,B,C,D,A,C,C,B,C,C,B,C,A,D,A,D
201801154997.0,A,B,C,C,C,A,B,C,B,D,C,B,A,A,A,A,D,D,A,B,C,A,B,D,B,C,B,D,A,C
201801155242.0,B,A,C,C,A,A,B,C,D,C,C,D,C,A,A,A,B,C,D,D,B,D,A,D,B,C,B,D,A,A
201801155340.0,B,B,C,C,B,B,B,B,B,A,D,B,B,B,A,B,B,D,B,D,C,A,C,A,A,C,B,D,B,A
201801155358.0,B,A,C,C,A,B,B,B,A,B,B,C,B,D,A,B,C,B,A,C,A,A,D,C,C,D,B,D,C,D
201801155368.0,B,A,C,A,B,C,B,A,D,C,D,D,D,B,A,D,A,D,B,C,C,D,B,A,A,D,B,D,A,B
201801155374.0,B,B,C,C,A,A,B,B,B,A,C,B,B,B,A,D,B,C,B,C,C,A,B,A,B,C,B,D,B,B
201801155588.0,B,B,B,B,B,C,B,A,D,C,B,D,D,A,D,D,A,D,C,C,D,B,A,C,A,A,C,D,A,D
201801155599.0,B,A,A,C,C,A,B,B,B,A,A,A,A,C,C,D,D,C,A,C,A,A,D,B,B,B,D,C,C,C
201801155899.0,B,B,C,A,B,A,B,B,C,D,D,D,C,B,B,B,B,C,B,D,C,B,B,B,B,D,B,D,B,B
201801155909.0,B,A,A,C,C,B,B,C,A,A,C,C,A,C,C,A,D,C,A,D,B,A,C,C,C,B,C,C,D,E
201801156072.0,C,C,A,C,C,B,B,D,A,A,D,B,A,C,A,A,C,C,A,D,A,A,B,A,C,B,C,C,C,E
201801156169.0,B,B,C,C,B,A,B,B,B,D,A,A,A,D,D,C,D,D,C,A,C,A,D,A,B,B,A,C,A,D
201801156195.0,B,B,B,A,A,C,B,B,C,D,D,D,B,B,B,D,B,D,C,D,B,A,A,A,A,B,B,D,A,B
201801156266.0,B,C,A,C,A,C,B,C,B,D,D,D,A,A,D,A,C,D,B,D,C,D,B,D,A,C,B,D,A,D
201801156371.0,A,A,C,C,A,A,A,B,C,C,D,D,B,B,D,B,A,D,C,C,C,B,C,B,A,D,D,D,A,A
201801156656.0,B,B,A,A,A,A,B,B,B,D,C,C,A,C,C,B,C,C,A,D,D,B,C,D,B,C,C,B,A,A
201801156839.0,B,C,A,A,A,B,B,B,C,B,D,A,B,D,A,B,C,B,B,C,B,B,B,C,A,C,C,D,C,E
201801156891.0,A,B,B,A,B,B,B,A,D,D,A,D,C,A,A,D,C,D,C,D,D,A,B,D,A,D,B,D,A,B
201801156893.0,C,A,A,C,C,B,C,D,A,B,A,A,A,C,A,D,B,C,A,C,A,C,D,C,C,B,C,D,C,E
201801156957.0,A,C,C,A,B,A,A,C,B,C,C,D,C,A,D,A,D,B,C,A,D,B,D,B,A,C,A,D,A,D
201801157606.0,A,B,A,C,A,C,B,B,A,D,A,D,B,D,B,D,C,C,C,C,B,A,B,D,C,C,C,D,C,C
201801157815.0,A,A,C,A,B,C,B,B,D,C,A,D,D,A,A,B,B,D,C,D,B,D,A,D,A,C,B,D,A,D
201801157839.0,B,B,B,C,B,A,B,B,C,D,A,D,B,B,B,D,C,D,B,C,C,B,C,A,A,D,A,D,A,D
201801158136.0,C,B,C,A,B,A,C,B,C,C,D,A,C,A,A,A,B,D,B,B,D,D,A,B,A,C,D,D,A,A
201801158278.0,A,A,B,A,A,A,B,B,D,C,C,D,B,B,D,B,C,D,B,C,C,D,C,B,A,D,A,D,A,D
201801158338.0,C,B,C,C,B,A,C,B,D,D,B,D,D,A,A,D,A,D,B,C,B,D,B,A,A,A,B,D,A,D
201801158375.0,B,B,A,C,A,C,B,C,A,D,D,C,A,C,A,C,C,C,B,A,A,B,D,C,C,C,C,D,C,E
201801158915.0,B,C,C,C,C,A,B,B,B,A,C,B,B,D,A,A,C,C,A,B,B,A,C,A,C,C,C,C,C,E
201801159294.0,A,B,C,C,A,B,A,C,B,A,D,C,B,B,B,A,D,C,A,B,C,A,C,B,B,B,B,B,C,A
201801159422.0,A,B,C,A,A,C,A,A,D,D,B,D,D,B,D,D,A,D,A,C,C,D,B,C,A,D,A,D,A,D
201801159582.0,B,A,C,A,A,A,C,B,C,B,D,D,C,C,C,D,C,C,C,C,A,B,D,D,A,C,D,D,B,E
201801159670.0,A,A,C,A,B,C,A,B,C,C,A,B,C,B,B,B,B,D,B,C,C,D,A,C,A,D,A,D,A,D
201801159708.0,B,A,C,C,C,B,B,C,B,B,A,A,A,D,B,D,C,B,A,C,A,C,D,A,B,B,B,D,C,C
201801159728.0,B,B,C,A,A,C,B,C,C,C,C,A,C,B,A,B,A,C,B,C,C,B,D,D,C,B,C,D,C,B
201801160052.0,A,B,B,C,C,B,A,D,B,B,C,C,A,D,D,A,D,C,A,B,B,D,D,D,A,D,A,D,C,D
201801160066.0,A,B,C,A,B,A,A,B,B,D,A,D,C,A,D,D,A,D,A,C,D,D,C,D,A,C,A,D,B,D
201801160141.0,B,C,C,C,A,A,B,B,A,D,C,C,B,B,C,C,B,C,B,B,B,B,C,D,A,D,C,C,B,A
201801160415.0,C,A,C,A,A,A,C,B,B,D,B,D,C,B,A,A,B,D,B,D,C,B,B,C,A,A,B,D,A,B
201801160540.0,B,A,A,C,A,B,B,B,A,B,D,A,A,C,C,D,B,C,A,C,B,C,D,C,B,C,D,D,C,C
201801160629.0,B,C,A,A,B,C,B,B,D,C,D,C,C,A,D,B,B,D,D,D,D,D,D,D,A,A,A,D,A,D
201801160638.0,B,B,C,A,B,C,B,D,D,A,B,D,D,A,A,A,B,A,D,C,B,B,B,B,A,C,C,D,A,A
201801161092.0,B,B,A,C,A,B,B,B,B,A,A,B,A,C,D,B,C,C,A,C,B,B,C,B,B,C,B,D,C,C
201801161385.0,B,A,C,B,B,C,B,A,D,C,B,D,D,B,D,B,B,C,D,D,C,D,A,B,A,C,A,D,A,D
201801161390.0,C,A,B,A,B,C,C,A,C,C,A,D,B,A,D,B,A,B,B,D,D,D,C,D,A,A,A,D,A,D
201801161433.0,C,C,A,C,A,A,B,C,C,D,C,C,B,C,C,A,B,C,A,A,C,A,D,A,A,C,B,B,C,C
201801161471.0,A,C,A,C,A,B,B,B,B,B,D,A,A,C,A,B,D,C,A,C,B,B,D,D,B,C,B,C,C,A
201801161481.0,A,A,C,A,A,C,B,D,B,C,C,C,A,A,D,A,A,A,D,B,A,A,D,C,A,D,C,A,A,A
201801161526.0,B,B,C,C,B,B,B,B,A,B,A,A,A,D,D,D,C,D,A,C,B,B,D,A,A,D,A,D,C,B
201801161823.0,A,C,C,C,A,B,A,C,A,D,D,B,A,A,B,B,D,D,A,B,C,D,D,D,A,D,A,D,A,D
201801162001.0,B,C,A,B,A,A,B,B,A,D,A,D,B,A,D,D,C,B,A,D,C,D,B,A,B,C,A,D,A,A
201801162123.0,C,C,A,C,A,B,C,B,A,B,A,A,A,C,A,A,D,C,A,D,A,A,C,A,B,C,D,D,C,E
201801162136.0,B,A,C,C,A,B,B,B,B,A,B,A,A,D,A,D,C,C,A,C,B,B,D,A,B,C,D,D,C,C
201801162197.0,C,A,A,C,A,B,B,B,A,D,C,A,B,C,C,B,D,C,B,C,B,A,B,D,A,B,B,C,B,C
201801162219.0,C,B,A,A,A,C,C,B,C,C,A,C,C,A,D,B,C,D,B,D,C,D,B,D,A,A,A,D,A,D
201801162360.0,B,A,C,C,A,A,B,B,B,A,A,B,A,B,A,D,C,C,A,C,B,B,C,A,B,C,B,D,B,A
201801162654.0,C,A,C,C,A,B,C,C,A,B,A,A,B,B,B,C,B,B,A,B,B,A,B,A,C,C,D,B,B,A
201801162662.0,C,B,B,C,A,B,C,B,A,B,D,C,B,D,C,A,C,B,A,D,A,C,D,D,B,B,B,C,D,C
201801162732.0,A,B,C,A,B,C,A,A,D,C,D,D,C,B,D,B,A,D,C,C,D,D,A,D,A,D,B,D,A,B
201801162743.0,B,B,A,A,A,B,B,B,B,B,D,D,B,B,D,B,D,B,A,C,C,B,C,C,B,D,B,B,C,A
201801162837.0,A,C,C,A,C,A,B,B,D,D,C,C,B,B,D,A,C,B,B,B,C,D,D,A,A,A,D,D,B,D
201801162841.0,A,B,C,C,A,A,A,D,B,A,A,C,A,D,D,A,C,D,A,B,C,B,C,B,B,D,B,C,A,C
201801162869.0,B,B,B,B,A,B,C,B,A,B,C,C,B,B,C,C,C,C,A,A,C,A,C,A,B,C,B,D,B,C
201801162895.0,A,B,A,B,B,A,A,C,A,B,B,C,A,D,A,C,D,D,A,B,D,C,A,B,A,A,A,D,D,D
201801162977.0,B,B,A,C,C,B,B,C,A,A,D,D,A,D,C,B,D,D,A,C,A,C,D,B,C,B,C,D,C,E
201801163045.0,B,C,C,C,A,B,A,B,A,B,D,A,A,D,C,B,C,A,A,C,A,A,D,A,C,B,C,D,C,C
201801163137.0,B,B,A,C,A,B,B,C,A,B,D,B,A,D,A,B,C,D,A,D,B,C,D,A,B,C,D,D,C,C
201801163162.0,A,C,C,A,A,A,C,A,C,D,D,B,C,B,B,D,C,D,C,C,D,D,C,A,A,C,B,D,B,A
201801163237.0,B,C,B,A,A,B,B,B,A,D,D,A,C,D,C,B,A,D,A,B,C,B,C,A,B,C,B,D,C,B
201801163253.0,B,B,A,C,C,B,B,C,A,B,B,C,A,D,C,B,D,A,B,C,A,A,D,D,C,B,C,C,B,E
201801163442.0,C,B,B,B,A,A,C,A,D,A,A,D,D,B,D,D,C,D,C,C,C,A,B,A,B,B,C,D,A,A
201801163603.0,B,A,A,A,A,C,B,B,B,D,D,D,B,B,A,D,A,D,B,C,D,D,B,C,A,A,B,D,A,A
201801163678.0,B,B,B,A,B,B,B,B,C,C,D,D,B,A,A,C,B,D,B,C,C,A,B,C,A,B,B,D,B,A
201801163902.0,B,A,C,C,A,C,B,B,B,D,C,A,B,B,A,B,C,C,A,D,C,B,D,D,B,C,B,D,C,C
201801163999.0,B,A,C,A,A,C,A,A,C,C,A,D,D,A,A,B,B,D,D,D,C,B,B,C,A,B,B,D,A,A
201801164102.0,C,B,A,C,A,B,C,D,A,B,C,C,A,D,C,B,C,B,A,D,A,C,D,B,D,B,C,A,C,E
201801164185.0,B,B,C,C,C,A,B,C,A,A,C,A,A,A,D,A,C,A,A,B,A,B,A,D,A,B,A,A,A,C
201801164194.0,B,C,C,A,A,C,B,B,D,D,D,D,C,B,D,B,B,C,B,D,B,D,D,B,B,B,B,D,A,D
201801164218.0,B,B,A,C,A,B,B,B,A,B,B,B,C,D,A,A,D,B,B,C,B,A,D,D,B,C,B,C,C,A
201801164428.0,B,A,C,A,A,A,B,A,C,C,B,D,C,A,D,D,A,D,B,C,C,B,D,A,A,A,A,D,A,A
201801164477.0,C,B,A,C,C,B,C,D,A,B,A,A,A,B,C,B,D,B,A,D,A,A,D,A,B,B,C,D,C,E
201801180933.0,B,C,C,A,B,C,B,A,C,C,B,D,D,A,C,B,A,C,B,C,B,D,A,B,A,A,C,D,A,D
