caseid,birthyr,gender4,educ,pid3,ideo5,faminc_new,religpew,race
1245162103,B,A,F,B,D,L,A,A
1245177145,A,A,E,A,B,I,A,A
1240705581,A,B,B,A,B,E,B,C
1242478789,B,A,F,B,E,M,B,C
1249716071,B,B,E,A,B,I,K,B
1237032173,D,A,C,C,B,I,I,A
1249863351,D,A,E,C,A,M,K,D
1237400307,D,B,C,B,D,G,A,A
1237464259,B,B,B,B,C,C,A,A
1237561619,B,B,D,B,D,D,A,A
1245946359,C,A,E,B,E,I,B,A
1241126287,B,A,B,A,B,D,A,B
1237703171,B,A,B,C,C,E,K,A
1239155767,C,B,B,C,C,B,A,A
1237498721,D,B,D,D,A,B,K,C
1241067633,B,B,C,C,B,C,J,A
1250157911,C,A,D,B,D,F,A,A
1236655675,D,B,D,B,D,K,A,A
1238395021,A,B,B,A,D,C,B,A
1240169421,C,B,D,A,C,A,A,B
1240350755,B,A,C,A,C,D,L,C
1237657397,D,A,E,C,A,H,J,B
1241020639,C,B,D,B,D,E,A,A
1245400015,B,B,C,A,B,B,K,A
1238900081,B,A,B,C,A,M,A,B
1238216385,B,B,F,A,A,I,K,A
1239365431,B,B,B,B,E,D,L,A
1239736413,B,B,F,B,E,K,B,A
1236815145,B,A,B,B,D,J,A,A
1232442083,B,A,F,D,C,K,B,A
1237434895,B,A,B,C,C,E,A,A
1245174043,A,B,F,A,B,H,K,A
1236141841,D,B,B,B,D,A,A,A
1234831387,B,B,F,B,D,J,A,A
1240921211,D,B,F,C,B,L,I,C
1237399907,C,A,B,B,E,I,A,A
1240556239,B,B,E,B,D,I,K,A
1242014595,C,A,B,B,E,H,A,A
1255813355,B,A,F,C,C,J,G,A
1238727093,B,A,B,D,C,F,K,A
1237523121,B,A,B,A,D,E,A,A
1247685607,C,A,B,C,B,B,J,B
1239899627,B,A,C,D,D,F,A,A
1247684153,D,A,E,B,D,M,B,A
1236785301,D,A,E,A,C,L,B,D
1240377817,C,A,F,C,C,J,B,A
1237756843,D,A,D,C,C,L,J,A
1243370103,C,A,B,A,A,C,K,A
1242844317,B,A,F,B,D,J,B,A
1242484613,B,B,C,B,D,E,C,A
1239736857,B,B,C,B,E,C,A,A
1243836819,B,A,E,B,D,B,K,A
1238878425,C,A,B,C,C,A,L,F
1242451741,C,A,E,C,B,A,I,A
1255877109,A,A,F,C,C,M,A,A
1238594717,B,B,B,A,B,C,K,B
1240495173,D,B,B,C,B,C,L,B
1240431559,C,B,E,A,B,L,K,A
1235026755,C,A,F,A,B,K,J,A
1240489041,C,B,F,B,D,K,L,A
1240280699,D,B,D,B,D,G,K,A
1243805855,D,B,D,B,E,M,B,C
1255867599,B,A,E,C,D,E,A,A
1244609507,C,B,D,B,C,I,L,E
1232901343,B,A,D,B,D,E,A,A
1239708297,B,A,E,B,D,F,A,A
1242502419,B,A,E,A,C,M,A,A
1238734205,B,A,A,A,C,B,L,G
1246402981,B,B,B,A,C,G,B,C
1243819879,B,A,F,C,C,J,K,A
1232593445,B,A,E,B,D,H,A,A
1238835965,B,B,D,A,C,B,A,B
1237465331,B,A,C,C,C,J,A,A
1236786909,B,B,B,A,C,H,A,A
1240352297,A,A,E,A,B,I,B,A
1242860853,B,A,E,B,D,K,B,A
1246594737,C,A,E,C,D,G,A,A
1242387381,B,A,B,B,E,E,A,A
1237559487,A,A,C,C,D,H,K,A
1237955145,C,A,E,C,D,K,G,A
1244870453,B,A,B,B,C,B,A,A
1256295341,C,A,E,B,D,J,A,A
1240349689,D,A,F,A,B,N,I,A
1238943343,A,A,C,C,C,J,A,A
1239677113,B,B,C,B,E,C,L,A
1242454599,B,B,F,C,D,J,L,A
1244729431,C,B,B,B,E,F,A,A
1237180573,D,B,B,A,C,A,K,A
1242680297,D,B,E,C,A,G,I,A
1243598207,B,A,F,B,E,H,K,A
1232890971,B,A,E,B,D,J,A,A
1256153545,B,A,F,A,A,E,B,A
1234692335,D,B,D,A,B,L,I,A
1242429051,B,B,D,C,D,E,K,A
1248444041,C,B,E,C,B,N,F,B
1236762371,B,A,B,A,B,B,K,A
1242965669,B,A,F,A,B,H,K,A
1246577709,B,A,E,C,E,J,J,A
1239076509,D,B,F,A,C,D,A,A
1239926521,D,A,E,C,C,L,B,A
1237526649,B,B,E,A,C,N,E,A
1238622721,D,A,E,C,D,J,B,A
1238944301,C,B,D,B,C,C,A,A
1243709949,B,B,F,A,A,M,K,A
1238768881,C,A,F,A,C,I,A,A
1237294605,B,A,E,B,D,J,A,A
1241206341,C,A,E,C,C,K,J,B
1237949669,B,B,E,A,B,K,B,A
1238768217,B,A,C,C,C,K,A,A
1242262373,B,A,E,D,E,I,A,A
1235647809,B,B,B,A,B,I,K,A
1242970415,C,A,E,B,E,L,A,A
1240607105,B,A,C,A,B,E,K,A
1235826253,B,A,B,B,D,K,A,A
1237564475,B,A,E,A,B,L,A,A
1255756307,B,A,F,C,E,K,A,A
1239074583,B,A,F,B,D,I,A,A
1240738963,A,A,C,C,C,F,J,A
1238243551,A,A,E,C,D,J,D,A
1247685043,B,B,B,A,B,C,K,B
1241343997,C,A,E,C,B,J,A,B
1240462531,C,A,F,C,C,E,L,A
1237830915,B,A,C,C,C,B,K,F
1237607243,B,B,C,C,C,D,E,A
1246796633,B,B,C,B,E,B,C,E
1236869491,B,A,D,C,C,K,F,H
1232309619,B,A,C,B,E,H,A,A
1238288187,B,B,C,A,A,D,J,A
1242860899,B,A,E,C,C,C,J,A
1238286903,B,A,E,C,C,J,L,A
1236121273,A,A,C,C,C,I,B,A
1255852895,B,A,E,C,E,G,A,A
1241167243,B,B,D,B,D,D,A,A
1232898869,B,A,C,C,D,D,A,A
1249716459,A,B,E,A,C,D,A,B
1243729331,B,A,E,A,B,J,J,A
1238847067,B,D,F,C,D,H,L,A
1246488663,B,B,D,B,C,C,A,A
1240490405,B,A,D,B,E,K,A,G
1245176503,B,B,F,C,D,H,E,A
1235848073,B,A,D,A,B,E,A,A
1242476031,A,A,D,C,C,E,B,D
1239708137,B,A,F,C,B,D,K,A
1232594091,B,B,F,A,B,E,A,A
1242876841,A,A,C,A,C,J,A,B
1242505865,B,B,E,A,B,G,E,A
1237628605,B,B,D,A,C,F,A,A
1252140979,C,A,C,C,D,C,A,A
1242455827,C,B,C,B,E,E,K,A
1247684847,B,B,E,A,B,E,A,B
1236652307,B,B,B,B,A,C,L,A
1242918183,B,B,E,A,B,L,K,A
1243078501,B,A,E,B,E,C,A,A
1241574337,B,B,B,A,C,C,A,B
1242880519,C,B,C,B,E,E,A,A
1255906473,C,A,E,B,D,J,J,A
1245222715,B,B,C,B,C,F,A,A
1240375827,B,A,E,B,E,C,L,A
1238081651,D,B,E,B,D,G,A,C
1238025939,D,B,E,A,C,A,K,B
1236890029,C,B,E,B,E,B,A,A
1239083611,D,B,E,C,A,E,A,A
1237594499,C,A,C,A,B,C,B,C
1256015251,B,A,F,B,E,K,K,A
1236784167,B,A,E,C,C,I,J,A
1235370801,B,A,C,B,D,B,A,A
1240190727,B,B,B,C,B,E,J,F
1238135347,C,B,D,C,D,I,A,A
1238167843,C,B,B,B,E,F,A,A
1238879619,C,A,B,D,C,K,I,A
1242475751,B,B,F,A,B,I,B,A
1235207505,B,A,C,B,D,E,B,A
1237607495,B,B,B,B,E,C,K,A
1236629815,B,A,B,A,C,B,K,A
1237025581,B,B,B,C,E,C,K,A
1238187283,D,A,C,A,B,F,I,A
1243600699,B,B,B,B,E,H,K,A
1242818677,B,B,F,A,A,F,L,A
1242031217,B,A,B,A,A,E,A,B
1237339235,B,A,C,C,E,K,A,A
1232892543,B,A,D,C,D,C,A,A
1238244917,B,A,E,C,C,I,B,A
1237472131,D,A,C,A,A,B,B,A
1232537583,C,A,E,D,A,A,L,A
1235648741,B,B,B,C,C,C,L,A
1245173501,B,B,F,A,B,H,A,B
1242239661,B,B,C,D,A,G,A,A
1238217805,B,B,B,B,D,C,L,A
1247685089,B,B,E,A,A,O,K,B
1242822245,B,A,F,A,D,E,E,A
1237597463,C,B,B,A,C,D,A,A
1245199191,B,B,F,B,D,G,A,A
1239000401,C,B,C,A,A,B,K,F
1237125069,C,A,A,A,B,F,I,A
1238094413,B,A,C,C,B,C,K,A
1235645001,B,A,F,A,C,D,A,B
1241138075,B,A,E,B,D,D,K,A
1237889131,B,B,B,B,D,E,K,A
1237856353,B,B,C,A,B,C,A,B
1247684109,B,A,F,A,C,K,K,A
1238512833,C,B,D,C,B,H,I,A
1240375621,B,B,E,C,D,J,K,A
1242754539,C,B,B,B,D,I,K,A
1237806581,A,A,B,B,D,C,A,A
1245395035,B,A,E,B,D,I,A,A
1238914565,B,A,C,D,D,K,A,B
1239704537,C,B,A,B,B,D,A,A
1237401941,B,B,B,B,D,K,A,A
1242502701,C,B,B,C,C,C,I,A
1240437037,B,A,B,C,C,E,K,A
1238939911,B,B,A,B,E,C,A,A
1238720839,B,A,B,A,B,E,A,A
1238399559,B,B,B,A,B,B,A,B
1250819779,B,A,C,D,C,B,A,A
1243929247,B,B,F,A,A,G,L,G
1237581483,C,A,D,C,C,G,B,A
1251900045,D,B,C,A,C,B,A,A
1240139643,C,A,B,B,D,E,A,A
1238343539,B,B,B,B,E,C,A,A
1236808667,C,A,B,A,D,D,L,A
1232881217,B,A,E,A,A,H,K,A
1237562769,B,B,D,C,C,K,B,A
1238342849,C,A,B,C,D,J,K,A
1237430585,C,A,C,C,C,O,K,A
1237416397,D,A,C,A,C,G,J,A
1238620077,D,B,B,D,A,G,I,A
1232692099,B,A,F,C,C,C,L,A
1239654789,B,B,D,C,C,H,A,F
1242549027,B,B,F,C,D,L,E,C
1237627641,B,A,B,C,C,E,A,A
1236750797,C,B,C,A,D,I,K,A
1232197083,B,A,D,B,D,I,E,A
1238940949,B,B,B,C,D,B,A,A
1242485459,B,A,F,C,C,I,L,A
1240323381,B,A,F,B,D,M,A,A
1237958131,B,A,D,D,D,K,L,A
1243818879,B,B,F,C,D,C,A,A
1241069757,B,A,E,C,B,L,J,A
1242969387,C,A,E,B,E,C,A,A
1238397943,C,A,E,C,C,E,A,A
1239009185,C,B,B,A,B,D,I,A
1239554567,C,A,B,A,B,C,A,A
1237242673,C,A,E,C,E,J,A,A
1237694677,C,B,E,A,B,B,J,A
1246191689,C,B,C,C,E,A,B,A
1232815483,C,B,B,B,E,C,A,A
1239492587,C,B,D,C,A,E,G,A
1239583421,D,B,D,A,B,E,A,B
1232691967,B,A,D,B,E,I,A,A
1232518813,B,B,D,B,E,D,L,E
1239121961,C,B,A,B,E,H,A,A
1236755793,C,A,C,B,D,B,E,A
1235704529,B,B,B,B,D,I,A,A
1240631127,B,A,C,B,E,G,A,C
1240326225,B,A,F,A,B,L,A,B
1238514355,B,A,B,A,B,E,A,A
1236704917,C,A,D,C,D,J,L,C
1239957919,D,B,D,B,C,C,A,E
1242860001,C,B,D,A,B,C,L,A
1240323667,C,B,D,A,B,G,J,A
1240460521,D,B,D,A,B,B,L,A
1240352107,B,B,E,C,C,K,J,A
1236389139,C,B,C,C,C,D,K,A
1237562061,B,B,C,B,E,F,A,A
1242476885,B,A,C,B,D,H,A,A
1238252801,B,A,C,A,C,J,B,A
1236679123,C,A,A,C,C,D,A,A
1237649701,B,A,B,D,C,A,A,A
1236718771,B,A,B,C,E,A,A,A
1241936215,D,B,B,A,A,B,D,B
1236811057,B,A,B,C,D,F,L,A
1235648941,B,B,C,A,C,D,L,B
1232536265,C,B,E,C,C,G,A,A
1231352627,D,A,F,A,B,K,K,A
1242410613,B,A,F,B,D,J,K,A
1243746465,B,B,C,B,D,K,A,A
1237329321,B,A,F,D,C,P,A,A
1239073441,C,A,E,B,D,K,A,A
1236090963,B,B,F,B,E,C,A,E
1232743815,D,B,B,A,B,B,K,A
1235323739,B,B,B,C,C,E,K,A
1243727031,C,B,D,B,E,F,A,A
1242526459,C,B,E,A,C,B,A,A
1235516771,D,A,F,A,B,J,A,A
1235539675,B,B,B,A,C,B,L,B
1240376915,C,B,E,A,B,I,B,A
1244814925,D,B,C,C,C,C,K,B
1237169877,D,A,C,B,E,F,B,A
1242413267,C,A,F,C,D,I,A,A
1239038019,C,B,D,A,C,D,B,A
1240401523,C,A,D,C,B,D,B,F
1242545467,D,A,D,C,D,C,A,B
1234926137,B,B,F,C,A,E,A,A
1243803121,B,B,C,A,C,D,A,A
1238800699,C,A,D,B,D,K,B,C
1246702301,B,A,F,C,C,L,A,A
1237647735,C,B,B,C,A,K,I,A
1237558969,B,A,C,B,C,K,B,A
1255944699,B,A,D,C,C,F,A,A
1242459209,B,B,C,C,C,H,A,A
1238214299,B,B,C,C,C,I,L,A
1238073435,C,B,C,A,B,D,G,B
1232853347,B,A,C,B,D,N,A,A
1236003477,C,B,E,A,A,K,I,C
1244060775,B,B,B,B,D,D,B,A
1242477775,C,A,E,A,A,D,I,A
1232799101,B,B,D,A,C,B,L,B
1232683805,B,B,B,B,D,C,A,A
1239036017,C,A,C,C,A,F,I,A
1235880613,B,B,E,A,B,E,A,B
1239155429,A,A,B,B,E,I,A,A
1237403535,B,B,E,B,D,F,A,A
1237119443,B,B,B,B,D,C,A,A
1244798215,B,B,D,A,A,D,I,A
1236173457,C,B,E,A,B,J,I,A
1242479007,A,B,B,C,D,K,A,A
1237597469,B,B,E,B,C,H,A,A
1241153275,B,A,E,B,D,I,D,G
1238877869,D,A,E,C,E,J,B,A
1238967741,C,D,E,B,E,F,A,A
1237642639,C,B,C,B,D,J,K,A
1232810189,B,A,E,B,B,C,B,A
1239020385,A,A,D,B,D,F,A,A
1232900057,B,B,E,C,C,N,K,F
1238086931,B,A,C,B,D,E,A,A
1242459197,C,A,E,A,A,L,I,A
1239676573,B,B,E,A,B,E,L,A
1255887477,B,A,C,B,D,J,A,A
1238287505,C,B,E,B,C,O,A,A
1236594165,B,B,D,A,A,C,A,A
1243767415,B,A,E,A,A,L,I,C
1242821167,C,B,E,B,A,E,A,A
1243820677,A,B,E,C,D,K,B,A
1255756781,B,A,F,A,A,K,A,A
1237947113,B,A,C,B,D,B,A,A
1234990771,B,B,C,B,C,E,A,A
1241070239,B,B,E,B,D,L,A,A
1239837711,C,A,C,A,B,K,K,A
1243879551,A,A,C,B,D,E,A,A
1243510097,C,B,F,A,C,H,A,B
1241804859,D,B,B,B,E,C,L,A
1239000087,B,A,C,C,A,C,I,A
1242431575,C,A,E,C,D,J,B,A
1232539525,B,B,F,A,C,F,K,A
1237915091,C,B,D,A,C,B,K,A
1242501681,C,B,D,A,C,G,B,C
1231875715,B,A,F,A,C,K,I,C
1242737849,B,B,F,A,C,K,A,B
1241236519,C,A,D,A,A,B,B,A
1239766741,C,B,E,A,B,J,I,A
1240251757,B,A,E,B,D,H,A,A
1235735201,D,B,E,B,D,E,L,A
1237893251,B,B,F,A,A,K,K,A
1242952469,D,B,E,A,B,L,B,A
1242477479,A,B,E,A,B,D,J,A
1235764999,C,A,E,A,B,H,K,D
1243748227,C,B,E,C,A,G,I,A
1242595431,C,B,C,C,C,I,L,A
1243003341,A,B,E,B,D,L,B,A
1242918399,B,B,F,A,C,C,A,B
1241910001,C,A,E,C,C,N,A,A
1242660691,C,A,F,A,A,N,J,A
1239602707,C,B,C,B,C,I,L,A
1238811159,B,B,E,A,A,M,A,A
1238028343,B,A,C,C,D,G,A,A
1240430447,C,A,E,B,C,B,A,A
1237421949,D,B,F,A,B,E,K,A
1237530791,D,B,E,C,C,G,K,A
1239402469,C,B,F,A,B,F,J,A
1242523955,B,A,E,C,C,K,A,A
1243819503,B,B,F,B,E,L,B,A
1243476349,C,A,E,C,B,P,I,A
1236870159,B,A,B,B,D,I,L,A
1245162441,B,A,E,B,D,P,A,A
1239604483,B,A,D,A,A,F,A,B
1239594595,C,B,D,B,D,F,L,A
1242502321,B,B,D,B,D,G,A,A
1237358239,C,A,C,A,C,B,I,A
1235645411,D,B,F,D,C,K,J,A
1236858931,B,B,E,C,C,F,B,C
1242932587,B,B,C,A,C,K,A,A
1240468445,C,A,F,B,D,M,B,A
1241042507,C,A,C,C,C,D,B,A
1235553359,C,B,E,C,C,E,G,D
1239798457,B,B,B,A,C,C,A,A
1238342135,C,A,C,B,D,E,K,B
1241066425,B,B,F,A,B,C,A,A
1236784805,C,B,D,A,A,D,K,F
1240520209,B,B,F,A,C,J,B,B
1245362539,B,A,B,B,E,C,A,B
1243597155,B,B,B,A,B,B,K,A
1236920801,B,B,B,B,E,D,A,A
1237074621,B,B,B,B,D,C,A,A
1240883045,D,B,C,C,A,E,I,B
1237523943,B,A,F,C,E,H,B,A
1242041151,D,B,D,B,E,E,A,C
1237374627,B,B,B,C,C,J,B,A
1239465315,C,A,E,A,A,G,A,A
1235648971,C,A,E,A,C,M,A,A
1239519807,C,B,D,A,B,G,J,B
1237199855,B,B,E,A,C,F,A,B
1238816083,A,B,B,C,E,B,K,A
1232540555,C,B,C,A,B,G,A,A
1237525019,C,B,F,A,A,L,L,A
1247685451,B,B,F,A,C,I,L,B
1240210915,B,B,B,A,C,A,L,B
1245363879,B,B,D,A,B,E,I,A
1236704061,C,A,E,B,D,I,A,A
1255869259,B,A,E,B,E,I,A,A
1244857901,A,A,C,C,E,K,A,A
1237143309,D,B,E,B,D,G,B,A
1242595887,C,B,D,B,D,K,A,A
1236814297,A,B,F,A,B,M,E,A
1238915281,B,B,C,B,C,C,K,A
1235688683,B,A,B,A,B,B,I,A
1239199983,D,A,C,A,A,F,K,A
1243371127,D,B,E,A,B,J,A,A
1247688167,B,B,B,A,B,C,K,A
1238574401,C,B,B,B,E,E,K,A
1238687405,B,B,F,B,E,I,A,A
1238247395,B,B,E,A,B,H,K,B
1237294505,B,A,F,B,E,E,A,A
1242452043,B,A,F,B,D,M,A,A
1243802795,B,B,F,D,C,J,B,A
1255850519,B,A,D,B,D,G,A,A
1239808525,B,A,D,B,E,C,J,A
1242802369,B,A,E,C,C,F,K,B
1238243901,B,B,E,B,D,H,B,A
1243765119,B,A,F,C,D,L,I,A
1243837477,A,B,F,B,E,I,D,A
1240238799,C,A,C,C,D,F,A,A
1240329121,E,A,F,A,A,F,A,B
1240660445,B,B,F,C,C,K,K,D
1250692993,B,A,C,A,C,L,I,A
1238940675,D,B,B,B,D,G,K,A
1236838813,D,B,C,C,E,F,A,A
1242879263,D,A,E,A,B,L,J,A
1242595739,B,A,F,C,C,L,K,G
1237955553,B,A,B,B,D,E,B,A
1237357647,D,B,C,A,C,H,K,B
1236647115,B,B,D,A,C,G,B,B
1237331465,A,B,D,B,E,F,A,A
1237314825,B,A,B,C,C,D,K,A
1250055077,C,B,B,A,C,C,A,B
1239075749,B,B,C,C,C,L,A,A
1238442665,C,B,B,B,E,K,L,A
1240375535,B,A,E,D,D,I,E,G
1235704179,C,B,E,B,D,L,K,A
1246102973,D,A,D,C,C,D,K,A
1243710179,B,B,C,C,C,F,G,A
1237657535,C,B,B,C,D,E,A,A
1237499541,C,A,B,A,C,B,A,A
1239038453,A,B,C,B,E,G,A,A
1239162081,C,B,B,B,E,E,L,A
1239330015,B,A,B,B,C,J,K,A
1244445367,C,A,E,C,C,M,K,B
1237296325,D,C,E,C,B,E,F,A
1238252115,D,A,B,C,C,P,I,A
1236755681,D,B,E,A,B,L,J,A
1237428423,C,A,E,C,C,D,B,C
1243728745,B,B,F,A,B,E,L,A
1236754075,B,B,C,C,C,B,A,B
1235680533,B,A,B,B,C,C,A,A
1242460533,B,B,D,B,D,I,A,A
1232541271,B,B,B,A,A,F,L,A
1237654467,B,A,C,D,D,I,K,A
1237499323,B,A,B,D,E,F,A,A
1250758153,B,A,E,C,D,I,A,A
1240730201,A,A,B,B,D,G,K,A
1237024479,D,A,E,C,C,K,K,A
1235434699,B,A,C,C,C,K,A,A
1249317467,D,A,B,B,D,D,A,A
1232838325,B,A,F,A,A,E,G,A
1243837483,C,A,F,C,E,K,A,A
1238130071,B,B,E,A,A,C,L,B
1240218525,C,B,E,A,B,I,K,A
1242430601,D,B,E,B,E,J,A,A
1239156147,D,B,E,A,D,E,L,A
1237498287,C,B,B,B,D,E,B,A
1255868117,B,A,E,D,D,I,A,A
1251663211,C,B,F,C,C,J,K,F
1237501099,B,A,E,A,B,G,A,B
1246061785,C,B,F,C,D,K,K,E
1240349635,B,B,D,B,D,C,A,A
1236830389,C,A,E,C,B,E,K,B
1232692585,B,A,E,B,D,K,L,A
1238966011,A,B,D,C,C,H,K,A
1235009463,D,A,C,C,E,I,B,A
1236456091,B,A,B,B,D,D,L,A
1245141765,A,A,D,C,E,J,A,E
1238286733,C,B,F,B,D,N,L,A
1236777429,B,A,A,B,D,C,A,A
1239421945,B,B,B,A,B,C,A,B
1237707667,B,B,B,A,A,C,I,A
1237032447,D,B,C,B,E,I,A,A
1244008853,D,B,E,B,D,H,B,C
1237705473,B,A,B,A,A,D,A,A
1237334403,B,B,E,A,C,D,K,G
1242825329,B,B,E,A,B,I,K,A
1234975209,B,A,D,C,D,K,A,A
1247684961,C,B,D,A,C,C,A,B
1245197215,A,B,C,C,D,J,K,A
1238178723,D,B,D,C,D,G,C,A
1242876907,B,A,D,B,D,J,B,A
1238863511,D,B,B,A,C,C,K,A
1240518379,C,A,E,A,C,L,K,A
1237432131,B,B,C,A,A,E,B,A
1240696189,D,B,E,B,E,J,D,A
1238914601,B,B,C,C,D,D,A,A
1240869833,C,B,B,A,C,E,K,B
1247685769,D,B,B,C,C,K,J,B
1243838111,B,B,D,A,C,E,A,A
1232684237,B,A,F,A,B,M,I,A
1236865385,D,B,C,C,C,B,K,A
1235207747,C,B,D,A,B,D,K,A
1242915801,A,B,D,A,B,I,A,A
1235663665,B,A,B,B,D,E,K,A
1237560271,B,B,C,A,C,K,K,A
1236623431,B,B,B,A,C,B,K,A
1252359131,B,A,C,D,D,E,A,A
1236869697,A,B,B,A,B,G,A,A
1234814929,C,B,E,A,B,F,A,A
1242484047,B,B,C,A,B,C,I,A
1246747527,C,A,E,B,C,M,J,A
1241970909,C,A,E,C,D,M,A,A
1237748789,B,B,B,B,E,F,L,A
1238253401,C,B,E,A,C,D,A,B
1236755515,B,B,B,B,D,B,A,A
1249693963,B,B,F,B,E,D,A,C
1239582631,B,A,D,A,C,K,K,A
1242822445,C,B,F,A,B,G,K,A
1246102349,B,B,E,B,C,I,A,A
1242287435,C,A,C,C,C,B,A,B
1239242651,D,B,C,B,E,I,A,A
1242505791,B,B,B,A,B,A,K,A
1245198373,A,B,C,C,C,H,B,A
1239551787,C,B,D,C,C,G,A,B
1238288739,B,B,C,B,E,E,A,A
1237606521,B,B,C,A,A,F,B,B
1236651075,C,B,D,C,D,E,A,A
1241984421,D,A,B,A,C,G,A,A
1240704575,C,A,B,A,B,A,I,A
1246419807,B,B,D,B,E,H,A,A
1234986171,C,B,B,A,B,E,A,B
1242333233,C,A,E,B,E,C,A,A
1235539425,A,B,C,B,D,D,A,A
1237181447,C,A,B,C,D,L,A,A
1237074953,B,A,B,A,B,D,K,A
1237805999,B,B,B,C,C,B,K,A
1237757409,B,B,B,B,E,D,A,A
1237694399,B,B,B,C,C,B,A,A
1240331151,B,A,C,C,E,I,K,A
1251661885,C,A,D,B,C,F,A,A
1237800495,D,A,F,C,C,H,J,A
1234959621,B,B,C,A,C,J,A,A
1252212285,B,A,D,A,A,B,I,A
1237025177,A,B,B,B,E,C,A,A
1237656963,B,B,B,B,D,D,B,A
1242531429,B,A,D,B,D,H,K,A
1237597835,B,B,B,A,B,C,K,A
1232892789,B,B,C,C,B,C,K,A
1250737383,C,A,D,B,E,H,A,A
1235370643,B,B,B,B,D,K,A,A
1241067473,B,A,C,C,D,E,A,A
1237113631,C,A,A,C,B,D,J,A
1235719981,B,B,B,A,B,C,A,A
1239081537,B,A,B,C,C,I,A,A
1251313011,B,A,C,C,C,D,I,A
1235734243,A,A,B,B,E,F,B,A
1236955369,C,A,C,D,C,H,A,A
1247684241,B,A,D,C,C,G,B,C
1249919809,D,B,F,C,C,E,B,A
1255787573,B,A,E,B,D,N,E,A
1235372039,A,B,B,A,B,H,J,A
1251313039,C,B,B,C,D,J,K,A
1234832249,B,B,B,B,D,C,A,A
1237269687,C,B,E,A,C,F,K,B
1235849905,B,A,B,C,C,D,I,A
1232511423,B,A,C,B,E,L,K,A
1250388311,B,A,C,B,D,C,A,A
1242860469,C,A,B,A,D,C,K,F
1236076897,C,B,D,A,C,E,A,B
1234987857,B,B,B,C,C,B,K,A
1239118373,D,B,B,B,D,I,A,A
1247684603,B,B,D,A,B,C,B,A
1239629327,C,A,B,B,E,G,A,A
1232939275,B,A,B,C,D,H,A,A
1246632315,B,B,E,A,C,B,B,C
1242772951,C,B,B,C,A,C,L,A
1257250971,C,B,F,A,A,K,B,A
1240376429,B,A,B,B,D,G,A,A
1236536513,B,A,C,A,B,B,A,B
1242389063,B,B,B,B,D,F,B,A
1237528255,B,B,B,B,C,C,A,A
1237160931,B,A,B,B,D,K,A,A
1241042539,B,A,D,A,A,J,I,A
1243874977,C,B,C,B,E,D,L,A
1237604199,D,B,E,C,C,M,A,C
1242427945,B,B,C,B,D,C,A,A
1239735701,C,B,E,C,D,D,K,A
1238288991,C,B,E,A,B,D,I,A
1242481159,D,B,C,B,C,C,K,A
1239739989,D,B,B,A,A,H,K,F
1255869535,B,A,F,C,D,O,B,A
1247682877,D,B,F,B,E,G,A,A
1251667111,B,B,C,A,C,C,A,B
1239675143,B,B,E,A,B,L,A,B
1242102179,C,A,B,C,E,B,I,A
1244148465,D,B,E,C,C,E,A,A
1251665221,B,B,C,D,D,A,L,B
1238332091,B,B,B,C,C,E,A,B
1243649709,B,B,F,B,C,L,E,A
1239706179,D,B,D,A,A,F,I,B
1232691329,B,A,E,C,C,I,A,A
1237364657,B,B,C,A,C,D,L,B
1237287187,C,A,C,C,C,F,B,A
1237406067,B,A,A,D,D,B,A,A
1232519097,B,B,D,B,B,H,B,A
1237888493,B,A,A,B,C,A,A,A
1238567293,D,B,E,A,A,D,K,A
1243837723,B,B,B,B,D,G,A,A
1239044017,B,B,B,B,D,C,A,A
1240402099,B,B,A,B,D,G,B,A
1235648031,D,A,E,C,D,F,A,A
1239824461,B,B,B,A,B,A,L,B
1238296699,C,A,E,B,E,G,A,A
1236090879,B,B,E,C,E,I,A,E
1241798149,D,A,B,B,C,D,K,A
1237569991,C,A,C,A,B,B,I,A
1242134923,B,A,B,A,A,C,A,B
1238969141,C,A,B,B,D,B,A,A
1238294069,B,B,A,B,E,C,A,A
1249716197,A,B,E,A,B,C,B,B
1243472219,D,A,B,A,E,A,F,B
1247685201,B,B,D,A,B,I,L,B
1238998181,C,B,C,B,C,J,A,A
1245306365,C,B,F,C,C,M,F,D
1239113931,B,B,E,A,A,C,B,A
1236782635,B,B,B,B,E,H,B,A
1239117865,D,B,D,B,C,E,A,A
1249007517,D,A,D,C,D,C,A,D
1238287551,C,B,F,A,B,C,A,A
1254106067,C,A,F,C,E,M,D,A
1240401713,B,B,F,A,B,H,A,B
1238027637,D,A,B,D,C,D,K,G
1239579043,C,A,B,B,D,I,A,A
1239678201,B,B,F,A,B,M,A,A
1235514037,B,B,C,A,B,D,L,B
1241043673,B,B,C,B,D,K,B,C
1235635249,C,B,F,A,C,F,A,B
1239704651,B,B,D,B,E,I,A,A
1237327465,C,A,E,B,E,A,A,A
1237167205,B,B,B,A,C,F,B,A
1240533959,B,B,E,C,B,E,K,A
1235857977,D,B,D,B,C,K,K,A
1243820639,B,B,E,C,C,J,J,G
1238251459,B,A,C,C,C,E,A,A
1227195613,C,B,C,B,E,I,B,C
1242595037,B,B,F,A,A,F,A,A
1245973381,B,B,F,A,A,K,A,B
1242453293,C,B,E,B,C,K,B,C
1240520257,B,A,E,D,E,J,L,E
1236552151,C,B,B,B,D,J,K,A
1236332691,B,A,B,A,A,E,A,B
1246083023,C,B,D,C,D,C,B,A
1237702915,B,B,C,A,C,H,L,B
1235810073,B,B,B,B,E,C,L,A
1242878397,B,B,E,B,E,D,A,A
1236650361,C,A,B,C,D,G,B,A
1236519859,D,B,E,B,D,G,A,A
1232616063,C,B,D,B,D,F,A,A
1240214997,D,B,E,B,D,H,K,D
1239512003,B,B,E,B,C,G,J,A
1242133211,A,B,B,A,B,E,A,B
1244855349,B,B,D,B,C,D,A,A
1250176147,C,A,E,B,D,D,D,A
1247687985,B,B,B,B,E,C,L,A
1236986449,D,B,C,D,B,C,K,A
1238091961,C,B,C,C,A,E,K,A
1238729665,B,B,D,A,B,D,L,B
1244764459,C,B,C,C,A,J,L,A
1237107749,C,A,B,C,D,G,B,A
1240999461,D,A,F,A,B,M,I,A
1249717017,D,A,D,A,C,D,A,B
1232534203,C,A,E,B,E,L,A,A
1235880379,C,B,E,B,D,J,A,A
1239285931,D,B,C,C,C,L,B,C
1239703897,B,B,E,A,B,L,A,A
1238390183,B,B,C,A,C,G,B,B
1240375131,C,B,D,B,D,A,L,F
1245255215,C,B,F,B,E,L,A,A
1239594451,C,A,E,C,A,E,I,A
1235622349,B,B,B,B,E,D,A,A
1234861451,B,B,C,D,E,D,L,A
1241982189,D,A,B,D,E,I,A,A
1238129943,C,A,E,C,C,A,A,A
1236890509,B,B,B,B,D,B,L,A
1242354995,D,A,B,C,C,G,K,B
1244783619,D,B,F,C,A,J,I,A
1237525303,B,B,E,A,C,I,I,A
1235880179,B,B,B,A,C,I,K,A
1237899929,A,B,B,B,C,B,A,A
1239082409,B,A,A,B,E,B,A,A
1235867509,B,B,B,B,D,G,B,A
1235735583,B,B,B,B,D,G,B,A
1242454921,B,A,D,A,D,B,B,C
1245295685,B,B,F,C,C,E,A,F
1239318761,C,B,B,C,C,G,K,A
1232721911,B,B,D,A,C,C,A,A
1247688113,B,B,B,A,A,B,I,A
1240580343,B,A,B,D,D,E,A,G
1240651337,C,A,E,C,C,B,A,A
1242500387,C,B,E,A,B,K,K,A
1236313829,C,B,B,B,E,C,L,A
1237957289,B,A,B,B,C,I,K,A
1237471859,C,B,C,B,D,H,L,A
1237466751,C,A,C,A,C,K,B,A
1235102993,B,A,A,B,E,E,L,A
1242820577,C,B,B,A,A,I,I,A
1238233407,C,B,C,D,A,J,J,A
1239704357,C,A,E,A,C,J,K,A
1242484591,C,B,E,A,B,J,A,A
1239047867,B,B,E,A,C,M,B,C
1238023273,D,B,F,A,A,M,I,A
1250610871,C,B,B,A,C,B,B,A
1236783981,B,B,B,B,D,B,A,A
1235566081,A,A,B,D,A,C,I,A
1238210975,B,B,B,B,D,B,B,A
1237833997,B,B,B,C,C,C,A,A
1242239149,A,B,B,B,D,D,B,A
1239075987,B,B,E,A,B,I,K,A
1237067337,B,B,E,A,C,L,B,A
1240113965,A,A,A,C,C,C,L,E
1236994771,B,B,B,A,A,K,J,A
1238389289,B,B,B,A,C,G,A,B
1243531667,B,D,C,D,E,H,A,A
1240430419,B,B,B,A,B,A,L,A
1251165873,B,A,C,B,E,B,A,A
1237558423,C,B,D,A,B,G,A,B
1242805373,B,A,C,A,A,H,A,B
1238727023,D,B,C,C,C,H,I,B
1241338939,A,A,B,C,D,I,A,A
1241911507,C,A,F,A,C,B,E,F
1232934449,B,B,C,C,B,E,J,A
1236802929,D,B,E,A,A,L,A,B
1237604155,B,B,D,A,C,F,A,B
1236263597,B,A,B,C,C,H,B,A
1236893027,B,A,B,B,E,E,K,A
1237465243,B,A,B,C,E,E,A,A
1247686181,B,A,C,A,B,E,A,B
1234893767,B,B,B,B,E,J,A,A
1239839321,C,B,D,B,D,C,A,A
1237490789,D,A,E,C,C,K,I,A
1237798319,A,B,B,B,C,E,A,A
1238246421,B,B,D,C,C,H,A,A
1234990043,B,A,E,C,C,D,A,A
1240031699,D,A,E,C,C,B,A,B
1239075829,C,B,C,A,B,I,K,A
1244905519,A,A,B,B,E,D,A,A
1234925957,B,A,B,C,C,D,K,A
1246230823,A,A,B,A,B,B,K,B
1243803817,B,B,F,A,C,L,B,A
1238461865,C,A,B,B,E,F,K,A
1236808743,B,A,B,B,D,C,K,A
1241179497,A,B,B,A,C,G,A,A
1238727379,C,B,E,A,C,K,K,F
1236780587,B,A,F,C,C,N,K,A
1235914087,B,B,D,B,E,C,A,A
1244424975,B,B,B,A,A,M,K,C
1238290405,C,B,E,A,B,H,K,B
1242306599,C,A,E,B,C,F,K,B
1255856171,B,A,F,A,C,J,K,A
1242858985,A,B,B,B,E,D,A,A
1247910815,C,B,E,B,E,G,A,A
1241743105,E,C,E,A,A,H,I,D
1237024805,B,B,B,C,E,B,K,A
1242429561,C,B,E,C,B,N,B,A
1231598979,C,A,F,B,E,K,A,F
1242309705,B,A,D,C,C,I,A,B
1247684785,C,A,B,A,B,C,A,G
1235465973,B,A,B,B,E,F,A,A
1235822051,B,B,F,B,E,L,A,C
1239001755,C,A,F,A,C,F,A,A
1242858959,B,A,C,D,A,M,L,A
1240548767,C,B,E,C,C,I,L,A
1232857707,D,A,F,C,B,O,J,D
1239115493,C,A,C,D,C,F,A,A
1238195763,B,B,E,C,C,N,K,A
1243909607,C,A,E,C,C,F,K,A
1237203133,C,B,E,C,C,J,A,A
1240603795,D,A,E,D,C,I,J,A
1235634483,B,B,B,C,C,B,B,A
1239628845,C,B,E,B,E,K,K,A
1237599187,B,A,F,A,D,D,A,B
1243448631,B,A,E,C,D,I,L,A
1239001887,B,B,C,A,B,A,A,B
1235006619,B,B,C,B,E,F,B,A
1237562753,C,B,E,A,B,P,B,A
1238086253,C,B,B,C,C,B,A,A
1247686157,B,A,B,A,B,D,J,B
1232682463,A,A,F,B,D,I,A,A
1236376989,D,B,E,C,C,J,B,G
1232518079,B,B,F,A,C,H,L,B
1236625835,B,B,C,C,D,G,A,A
1237467197,C,B,B,A,D,F,L,C
1232615583,B,B,D,D,A,D,L,A
1242571233,B,A,D,C,D,I,A,A
1235101327,B,A,E,C,D,L,A,C
1235722435,D,B,F,A,B,J,J,A
1242524109,C,A,E,A,A,C,I,A
1232691637,D,B,F,C,A,I,K,H
1232664183,B,B,C,A,B,D,L,B
1239365957,C,A,C,C,C,M,I,A
1241609027,D,A,E,A,B,K,K,C
1232469189,D,B,E,C,C,K,B,F
1239084555,D,B,E,C,A,M,I,C
1238514109,C,A,D,C,D,J,K,C
1257251143,C,A,F,A,A,L,J,C
1240401271,C,B,E,B,E,D,A,A
1244034147,B,B,D,A,C,I,K,A
1239082875,B,A,A,B,A,B,K,A
1232534449,B,A,F,C,C,K,J,H
1236025983,C,B,C,A,A,H,I,A
1238885567,C,A,E,D,E,K,C,G
1239569027,C,A,C,A,A,F,K,B
1235863439,D,B,F,A,B,K,I,D
1240702439,C,B,E,B,D,N,J,A
1239084619,B,B,E,A,C,G,B,C
1238386939,D,A,B,C,A,E,J,A
1240378945,B,A,D,C,D,I,B,A
1238989007,C,B,C,A,B,F,I,A
1250208113,C,A,E,A,B,K,I,B
1238963923,D,B,F,A,B,N,K,A
1236953533,D,B,E,C,D,K,C,A
1237905129,C,B,D,A,B,I,A,B
1259827027,C,A,D,A,B,E,K,F
1242618121,B,A,E,C,C,K,A,A
1242453649,B,A,E,B,D,M,K,A
1237466339,C,B,C,A,C,B,A,B
1242410337,C,A,C,C,E,H,A,A
1235798823,B,A,B,C,C,B,J,A
1235540119,C,A,C,B,E,K,A,A
1246280145,C,A,B,C,C,G,J,A
1238391387,B,A,C,B,D,I,B,A
1241067923,D,A,F,A,C,K,K,D
1238133645,B,B,B,B,C,D,K,A
1237909387,B,B,E,B,E,K,B,D
1236634413,B,B,B,A,A,B,J,A
1234860911,B,A,E,C,E,O,B,A
1253305355,C,A,D,C,C,K,K,A
1240305505,D,A,E,C,A,F,J,A
1239462115,B,A,B,A,C,H,B,C
1239490365,B,B,B,C,E,G,A,A
1241018247,B,A,E,D,E,I,A,A
1238173555,D,B,F,C,C,G,A,B
1236892551,D,B,E,B,D,I,K,A
1239526687,D,B,B,B,D,G,J,A
1237533877,B,B,B,B,C,H,A,A
1232850853,C,B,F,C,C,J,L,B
1238966881,B,A,D,B,E,D,L,A
1237847419,B,B,B,C,D,B,I,A
1239899431,D,A,E,B,E,O,A,A
1241068801,B,A,D,A,A,D,A,A
1237025077,C,B,F,A,C,A,B,B
1237463945,B,B,B,A,C,B,A,A
1236783431,B,B,B,B,E,C,A,A
1239675025,D,B,F,C,A,J,J,F
1246417117,B,A,F,A,A,I,G,A
1239199781,D,B,E,C,C,I,A,B
1243945803,B,B,C,B,E,K,E,A
1251663445,C,B,E,A,B,J,J,C
1243747231,B,B,F,A,A,I,J,A
1239318479,B,B,B,A,B,D,B,A
1256252493,B,A,E,C,C,F,K,A
1237120955,B,A,B,B,E,F,K,A
1237528051,B,B,B,C,C,B,A,A
1238252013,B,A,A,B,D,B,K,A
1239551523,B,B,B,C,C,K,B,C
1255814097,B,A,D,C,D,I,A,A
1239036421,B,A,E,C,C,E,B,A
1243513007,B,B,B,B,E,E,K,G
1232720649,B,B,C,A,B,D,A,A
1239704807,D,A,F,A,B,J,K,F
1249693515,E,B,F,A,B,L,A,A
1238158655,D,B,E,A,B,K,K,A
1236900757,B,A,B,C,D,B,K,A
1237756901,B,B,B,D,D,F,K,A
1240879151,D,B,F,A,B,N,A,A
1246158463,C,A,F,B,E,K,A,C
1236921861,B,A,E,C,C,D,L,G
1238736911,B,B,E,B,D,G,A,A
1237168199,B,A,B,B,D,L,A,A
1255907067,B,A,E,B,D,C,A,A
1247693019,D,A,B,B,E,A,A,A
1235735115,B,A,B,B,D,E,A,A
1242819515,B,B,B,A,C,B,A,A
1236990187,B,B,B,A,B,E,L,B
1234990305,D,B,E,C,C,J,A,A
1240678945,C,A,D,B,D,J,A,A
1235514427,B,B,F,A,C,J,A,B
1237471361,A,B,B,B,D,I,A,A
1237606477,B,B,C,A,B,D,A,B
1247683917,B,A,E,A,C,F,B,C
1249716065,B,B,D,A,C,G,K,B
1240400781,B,A,D,C,C,C,B,A
1240496755,C,A,E,C,C,I,B,C
1241223357,C,A,F,C,B,I,A,B
1242033781,B,A,A,A,C,C,A,B
1241180383,B,B,B,A,C,J,B,C
1239838723,D,B,F,C,C,G,B,A
1257274363,D,D,E,A,B,A,L,A
1240352709,B,A,C,B,D,B,L,A
1242392093,B,A,F,A,C,H,A,A
1240461327,E,B,F,A,B,I,B,A
1238375613,D,A,E,A,C,J,B,A
1236922965,A,B,B,B,D,D,A,F
1238906035,B,B,A,A,A,G,F,B
1232537697,B,B,B,C,D,D,A,A
1245502301,B,A,D,A,D,L,A,A
1246450991,A,B,F,A,A,L,I,A
1238324085,C,B,F,A,E,F,A,B
1237119475,C,B,C,A,C,B,A,F
1242878199,B,B,B,B,E,B,A,A
1242950313,B,B,B,B,D,D,D,A
1232654147,B,B,A,A,B,B,B,A
1246265321,B,A,E,D,A,K,K,A
1230865995,B,B,E,B,E,K,B,A
1237955137,B,B,C,A,C,K,J,A
1247686093,B,B,C,A,C,H,L,B
1251625725,C,C,C,C,C,M,J,A
1247688227,B,A,B,D,C,D,A,A
1238389435,A,A,B,B,E,D,A,A
1239010529,B,B,F,A,B,H,B,A
1250023929,D,A,F,A,B,L,B,A
1241019789,B,B,C,A,B,I,L,A
1235514629,B,B,C,B,D,I,B,A
1237523915,B,A,C,C,D,E,A,A
1242453597,B,B,F,A,B,I,A,A
1239676399,C,A,E,A,B,D,J,F
1235645465,D,B,F,C,C,G,K,F
1243187839,B,B,E,A,B,E,K,C
1239084507,B,B,B,A,C,F,L,B
1243945269,B,A,C,B,D,F,A,A
1243002157,B,B,D,A,C,K,K,A
1241138517,B,A,C,C,D,F,B,A
1232540379,D,B,F,C,B,P,J,A
1247685339,A,B,F,A,C,F,B,B
1237558421,B,B,D,A,C,A,L,B
1236981251,D,B,E,C,C,I,B,C
1240846073,B,A,B,B,C,J,K,C
1239981385,D,B,F,A,C,F,A,B
1235567201,B,A,D,C,C,F,J,B
1241261509,A,A,B,A,C,F,A,A
1234828915,B,A,B,B,E,H,A,A
1240327117,B,A,C,C,E,L,A,A
1235377535,C,B,D,C,A,B,L,A
1238977271,D,B,E,C,B,L,I,A
1238778723,C,B,F,A,C,H,L,F
1237602651,C,B,B,C,C,D,A,A
1245795441,A,B,D,C,C,C,A,A
1246491297,B,A,B,A,C,L,L,B
1242578717,C,B,D,C,A,B,A,A
1242428161,C,B,D,A,D,F,L,A
1236986243,B,B,B,B,D,E,A,A
1239646651,C,A,B,C,A,D,A,B
1235692387,B,B,B,B,C,B,B,A
1239806247,C,A,C,A,B,A,J,A
1242600389,B,B,B,B,D,E,A,A
1239365697,B,A,F,D,E,O,A,A
1238713171,E,B,E,C,C,H,E,C
1232627983,B,B,E,A,B,D,A,A
1236890609,B,B,E,A,A,F,B,B
1242476823,B,B,F,A,B,L,L,B
1240857941,D,B,E,A,A,D,K,E
1242840513,B,B,E,B,E,G,A,D
1244698669,D,A,F,C,C,K,J,A
1243946689,C,A,C,B,E,D,A,A
1238817209,B,B,F,A,A,B,B,A
1239734319,B,A,C,B,D,C,B,A
1232846261,B,A,D,B,D,B,A,A
1239711035,D,B,E,A,A,I,J,A
1255698849,A,A,E,C,E,J,A,A
1238346975,C,B,D,A,D,I,H,D
1243059499,C,B,E,B,E,I,L,A
1238211285,B,A,B,D,E,D,L,A
1240378853,B,B,C,B,E,C,A,A
1239432173,C,A,E,C,D,N,B,C
1236953593,B,B,B,B,D,C,A,A
1232691077,C,B,C,B,E,B,A,A
1234892649,B,A,C,A,D,G,K,G
1239086837,A,A,D,C,D,E,B,A
1247684685,B,A,E,A,B,F,A,B
1247685299,B,A,F,C,C,O,A,B
1235539253,D,B,D,A,B,E,I,F
1246454783,B,B,A,A,B,A,K,B
1238906847,C,A,C,B,E,F,A,A
1235324911,A,A,B,D,E,E,B,A
1237908789,B,B,E,A,A,B,K,A
1236869603,A,A,D,A,B,H,J,A
1232851217,B,A,E,B,E,F,A,A
1240711443,B,A,F,D,D,P,A,A
1256030957,C,A,F,A,B,H,A,A
1235297399,B,A,C,C,C,F,A,B
1238243917,B,B,C,B,E,K,A,A
1242432175,B,A,E,C,C,C,A,A
1242392025,B,A,E,A,B,I,J,A
1241066207,A,A,F,B,E,J,A,A
1234953989,C,B,D,A,A,F,J,A
1242431635,B,A,D,A,B,F,A,A
1242896697,A,B,E,A,B,K,J,A
1238541097,B,B,B,A,C,F,K,A
1237522967,B,B,B,A,A,E,K,A
1241045563,B,B,F,B,C,K,A,A
1232750055,A,B,B,B,D,B,A,A
1238459927,B,A,A,A,C,G,L,C
1236754259,B,B,F,C,C,F,B,A
1238027267,D,A,F,A,C,H,I,A
1242532923,B,A,F,C,E,I,A,C
1246525205,B,B,C,A,D,E,A,A
1243802219,B,A,F,A,A,N,L,A
1247688027,B,B,B,A,B,B,B,A
1236488813,C,B,C,B,E,E,L,A
1238959575,D,B,E,B,D,I,A,A
1239086833,B,B,C,A,B,C,K,A
1241020771,A,B,C,B,C,D,L,A
1235865435,B,B,A,A,B,C,J,A
1237471437,B,A,C,B,D,F,B,C
1252428869,C,B,D,A,C,H,A,B
1249718515,B,B,B,A,C,B,A,A
1234991643,A,A,A,B,E,E,L,A
1239767023,B,B,B,B,D,D,A,A
1236717947,A,B,B,B,E,C,A,A
1256200151,B,A,F,A,C,G,A,A
1243073107,D,B,E,B,E,E,A,A
1239115345,B,B,B,B,D,G,A,A
1232893097,B,A,C,C,D,G,B,A
1245141539,B,A,F,C,E,J,A,A
1239038993,A,A,E,C,D,H,A,A
1238845803,B,A,C,A,C,L,A,B
1243837037,B,B,F,C,C,F,A,A
1232820221,B,B,C,A,C,C,A,A
1242478347,B,B,E,A,B,B,A,A
1239706581,B,B,E,B,D,A,A,A
1236313301,C,B,B,C,E,G,L,A
1238729663,B,B,C,A,B,B,L,B
1232579135,B,B,E,C,D,F,F,B
1237027271,B,B,B,B,D,C,K,A
1242431809,C,B,F,A,B,L,A,B
1237560735,A,B,E,C,C,I,A,A
1249819241,B,B,C,A,C,B,A,B
1238033593,B,A,C,A,C,E,A,A
1237524299,C,A,F,C,C,O,A,A
1246434105,B,A,F,A,A,I,K,A
1240586281,B,A,B,B,E,C,A,A
1237428053,C,B,F,C,C,J,B,A
1243412135,B,B,C,A,B,D,B,C
1246276105,B,B,F,A,C,K,A,B
1242485377,B,A,F,C,C,J,I,A
1232814869,C,A,C,C,D,G,A,A
1241091553,C,A,E,B,D,G,B,A
1242525571,D,C,F,A,A,D,I,A
1245297729,A,B,D,B,E,D,A,A
1237763379,B,B,F,B,D,I,B,A
1238914651,B,B,F,A,B,I,A,G
1247685999,A,B,E,A,C,D,A,B
1243727265,C,A,E,C,C,K,I,A
1247685549,D,A,B,A,B,F,I,B
1240940495,C,A,C,B,D,L,J,A
1234604021,C,B,C,B,C,I,I,A
1241181521,B,A,C,B,E,I,A,A
1238845641,B,B,C,A,B,D,L,B
1249648435,C,B,C,A,E,F,A,A
1238243365,C,B,E,C,B,J,B,A
1239758647,B,B,F,C,C,M,I,A
1244761197,B,B,E,A,B,H,A,H
1238173869,C,B,E,C,B,J,I,A
1235667789,B,B,C,B,E,J,A,A
1242548603,B,B,C,C,D,C,K,A
1241095761,C,A,F,C,C,I,K,A
1235895475,B,B,F,B,D,I,B,A
1237407625,C,B,E,A,B,D,J,A
1241042409,C,A,F,C,A,I,I,A
1239113949,B,B,C,A,B,E,A,A
1236781183,B,B,D,A,C,F,K,A
1250193859,B,A,D,C,C,J,J,A
1237027395,B,A,B,B,D,J,A,A
1238966135,A,A,E,B,C,E,B,A
1236677851,B,B,C,A,C,C,B,A
1242841519,B,B,D,B,C,H,A,A
1235208767,B,A,C,C,D,B,A,A
1236091067,B,A,F,A,B,G,A,B
1238977207,A,D,C,A,A,F,A,A
1247685401,B,B,E,A,C,M,L,B
1236715319,D,B,E,C,A,H,F,H
1241994063,C,A,C,B,E,E,A,A
1237370783,B,B,B,B,E,F,K,A
1243787207,B,A,F,C,C,I,J,A
1241091919,B,B,D,C,C,F,A,A
1241093455,B,B,C,A,C,I,J,A
1235378947,C,A,E,B,D,P,A,A
1240509217,B,B,E,B,D,M,A,A
1249716131,B,B,D,A,C,F,B,B
1232815897,B,A,C,A,B,L,K,A
1237242931,C,B,E,B,D,K,B,A
1232771329,B,A,F,A,B,K,B,A
1237598297,B,B,E,A,C,K,E,A
1238336113,B,B,C,C,D,H,A,A
1232568437,C,A,E,B,E,G,A,A
1239806107,B,A,C,C,C,E,A,A
1237801061,C,A,F,A,C,K,I,A
1243892867,C,B,C,A,C,D,L,A
1232852809,B,B,E,A,B,G,A,A
1243150369,D,B,F,A,C,K,K,A
1232943583,C,A,E,C,C,L,C,A
1246542871,C,B,E,A,B,K,L,G
1236808719,B,A,B,C,C,B,K,A
1238875801,C,B,F,B,E,G,B,A
1240488503,B,A,C,B,E,H,A,A
1239326663,D,A,E,A,B,K,J,F
1240375355,B,A,F,A,B,H,B,A
1238999305,B,A,F,B,D,J,A,A
1243289205,B,B,E,C,D,K,E,G
1242453017,B,A,C,B,E,H,K,E
1237336321,A,B,C,A,A,B,K,B
1236229235,B,A,D,A,D,L,A,B
1238797913,C,B,E,A,A,E,A,A
1235622255,A,B,B,A,B,B,A,A
1235066043,B,A,E,C,C,F,A,A
1240004447,B,A,B,A,C,D,A,A
1235881589,B,A,F,A,C,L,A,A
1242949251,B,B,B,C,B,B,K,A
1238801837,C,A,E,C,C,J,A,E
1238250915,C,B,C,A,A,L,K,A
1240466195,B,B,B,A,B,C,B,A
1232514781,B,B,F,C,C,B,F,B
1242825337,B,B,F,B,C,H,A,A
1242358949,B,A,F,C,E,H,A,A
1242451901,B,A,D,C,C,D,J,A
1237430529,B,A,C,C,D,I,A,G
1251667319,C,B,F,A,A,L,K,B
1239460437,B,B,F,C,C,L,E,A
1238125459,D,A,D,C,C,J,A,A
1240323721,B,A,C,C,C,D,K,A
1237523983,B,B,E,C,C,F,A,A
1239643035,C,B,E,A,B,N,A,A
1232661161,B,B,C,A,B,F,J,A
1240642425,D,B,E,C,C,L,K,A
1237569025,B,B,E,A,B,D,I,A
1232944619,B,D,C,A,B,B,L,A
1237563915,B,B,B,B,D,B,B,A
1246469977,B,A,E,B,E,F,A,A
1243709133,B,B,E,A,B,M,E,A
1249840295,C,A,D,C,E,D,A,A
1240305671,D,B,F,B,D,J,A,A
1238128747,B,B,B,C,E,K,A,C
1237908399,C,B,B,B,C,E,A,A
1235539349,D,A,E,B,E,E,A,A
1245450731,B,B,D,B,D,C,A,F
1238290603,C,A,E,C,C,L,A,C
1238164539,B,B,F,C,C,O,B,C
1242950153,C,A,E,B,D,P,B,A
1238295481,D,A,E,A,B,L,E,A
1246295579,D,B,B,B,D,F,B,C
1243230261,B,A,C,C,C,G,I,A
1250193319,C,B,C,D,A,J,I,E
1247684587,D,B,B,C,C,G,K,C
1240305515,C,B,F,A,B,K,B,C
1236090989,B,B,B,B,E,C,A,E
1238396373,B,B,A,A,C,C,A,B
1237702989,C,A,C,A,A,L,K,C
1242719089,B,B,B,A,A,F,B,C
1242952275,B,A,F,A,B,L,B,B
1234959087,C,A,C,A,B,C,L,A
1236679031,B,B,C,B,D,G,B,C
1244489817,D,A,E,A,A,P,I,A
1237705489,B,B,F,A,B,I,J,B
1239773849,B,B,B,A,C,E,A,C
1244309345,B,B,B,B,E,G,A,A
1240459851,D,A,C,C,D,H,A,B
1236787049,B,A,B,C,D,E,J,G
1235722871,B,B,B,A,B,B,I,A
1241313095,B,B,F,C,B,H,A,B
1239736511,D,B,E,C,D,J,K,A
1244006275,B,B,B,A,C,I,L,A
1243096297,B,A,C,B,E,G,K,A
1237207393,D,A,E,A,A,O,J,D
1238130849,D,B,D,C,C,C,A,A
1235592431,B,A,B,C,D,E,K,A
1238335611,B,B,F,C,C,K,E,A
1247064795,B,B,B,A,C,C,A,B
1240703739,C,A,F,A,B,K,B,C
1236039389,B,B,B,C,C,K,B,A
1240378961,B,A,E,C,B,E,J,A
1238089375,C,B,B,B,D,D,A,A
1234991753,B,A,B,A,C,G,K,A
1240673891,B,B,F,A,B,D,A,B
1238344703,C,A,D,C,D,G,A,A
1240702723,C,B,D,B,C,K,A,A
1243837759,B,B,E,A,A,C,B,A
1245011573,C,B,C,C,C,C,I,A
1238088397,B,B,C,A,B,C,K,C
1237287425,B,B,B,D,C,D,A,B
1239685823,D,B,D,B,D,M,C,A
1237650033,D,A,F,C,D,K,A,A
1236575901,B,B,D,A,C,H,A,B
1255889105,A,A,E,B,D,K,B,A
1243694195,B,B,D,D,D,H,A,C
1241415959,D,B,B,A,C,D,J,B
1239497045,C,B,C,A,D,D,L,A
1237855911,D,A,E,A,B,L,K,C
1237165683,C,A,E,B,D,J,A,A
1248023175,C,A,C,B,E,J,B,A
1238135735,C,A,F,B,D,J,A,A
1236553837,B,A,C,A,B,G,B,C
1232447893,B,B,F,A,B,J,K,A
1242308335,C,B,F,C,C,M,A,A
1237914071,B,A,F,B,C,F,B,A
1238209437,B,B,C,A,C,B,A,E
1240536405,C,B,D,B,C,B,A,A
1243892257,B,B,C,B,D,D,A,A
1244926387,C,B,C,B,E,I,A,A
1240400615,B,B,D,A,B,D,A,A
1242640091,C,B,E,B,D,A,A,A
1238868151,C,A,F,B,D,L,A,A
1239357543,B,A,B,A,C,B,K,B
1242243559,B,A,D,D,D,E,L,A
1235046239,C,B,F,C,C,I,B,A
1237467111,B,B,C,A,B,L,A,B
1242818621,B,A,E,A,B,I,A,A
1245154125,B,A,F,D,C,J,L,B
1236921005,B,B,D,B,C,D,E,A
1236922573,B,A,F,A,B,C,A,A
1247369501,B,B,B,B,E,F,B,C
1242283851,B,A,F,C,C,L,L,A
1239365847,C,B,F,C,C,P,K,A
1236867841,B,A,C,B,D,H,L,A
1240326057,B,A,C,B,E,G,A,A
1235735655,A,B,D,A,A,G,L,B
1236869863,B,A,E,C,C,J,K,A
1241236593,D,A,E,C,A,J,I,A
1240326521,B,B,E,A,B,K,A,A
1239650789,B,B,F,C,C,L,J,D
1241129121,B,B,F,C,C,H,B,A
1245298359,B,A,E,C,C,J,A,A
1242595389,B,B,E,B,D,G,A,A
1237290307,B,B,C,A,C,D,A,B
1241119995,B,A,C,C,C,H,A,A
1254570743,E,A,E,C,D,E,A,A
1243734321,C,B,C,A,A,I,A,C
1237119619,B,B,D,A,B,F,K,B
1241082669,C,A,F,B,D,K,A,A
1236622711,C,A,C,C,C,D,I,A
1245406487,B,B,B,B,E,F,B,C
1238460581,D,B,E,A,A,M,E,A
1235175709,B,A,E,C,C,J,A,E
1246633965,C,A,E,B,C,K,I,A
1241830007,C,B,C,A,C,E,B,C
1247685749,B,B,E,A,B,G,K,B
1236897467,B,A,F,C,D,L,B,A
1242391979,B,A,E,C,D,H,A,A
1243647251,B,A,C,A,C,K,A,B
1247685755,B,B,E,A,C,H,L,B
1243004005,C,B,C,A,B,M,K,A
1247684435,B,B,E,B,E,B,A,A
1239394723,D,A,E,A,B,J,J,A
1237686931,C,A,C,C,D,K,A,A
1241021929,B,A,B,B,E,H,A,A
1237033887,D,B,E,C,C,C,K,G
1236717623,B,A,B,D,E,H,A,A
1238028307,B,B,B,A,A,B,K,A
1239155065,B,B,E,B,C,D,A,C
1236987439,D,B,E,B,D,G,L,F
1237465153,D,A,E,C,D,K,B,A
1237595055,D,B,F,C,D,J,J,A
1250475399,C,A,D,A,B,I,K,A
1242838925,B,B,A,A,B,C,A,B
1240476457,C,A,C,B,E,G,A,A
1237026399,D,B,E,B,E,C,A,A
1242935699,C,A,C,B,C,L,K,A
1235648103,B,A,D,A,A,C,I,A
1240303407,C,B,F,A,B,K,A,B
1239160971,B,A,B,C,C,F,K,A
1237397435,B,B,C,B,D,F,B,A
1238691455,B,B,B,C,C,E,B,A
1240549187,B,A,B,B,E,K,A,A
1238243417,C,B,B,A,B,L,B,A
1244467609,D,A,F,C,B,N,J,D
1242556009,D,B,E,C,C,K,L,B
1236778849,C,B,E,A,B,H,K,A
1241069539,D,A,E,D,D,K,A,A
1237371035,B,B,E,B,E,J,B,A
1237068167,C,B,B,B,C,I,L,A
1238252669,B,A,B,A,B,C,K,A
1252641103,C,B,B,A,A,A,K,C
1236425783,D,B,F,A,B,H,A,H
1234015279,D,B,B,C,C,K,A,A
1237494871,B,B,B,A,A,F,B,A
1242306591,C,B,F,A,B,I,A,B
1238133547,A,B,B,C,C,B,L,A
1245198729,D,B,D,A,A,A,K,A
1241150325,B,B,E,B,D,I,B,A
1237372593,C,A,E,A,C,F,K,C
1239122999,B,B,F,A,C,C,A,B
1239047965,B,A,C,A,C,E,K,B
1239077785,C,B,E,B,E,K,A,A
1242640691,C,B,C,A,B,B,I,A
1239493741,D,B,F,B,C,J,B,A
1236867817,B,B,B,B,D,G,A,A
1239285429,B,A,E,C,D,L,B,C
1235709585,B,A,B,B,D,G,A,A
1235705685,B,B,A,B,D,A,A,A
1237125167,C,B,A,B,E,E,A,A
1239113701,A,B,C,B,E,K,B,A
1242805089,B,B,C,A,B,H,K,C
1239396811,B,A,C,B,C,I,L,C
1242046329,D,B,B,C,B,J,K,F
1243229939,C,B,F,A,B,K,B,C
1245775731,C,B,E,C,C,M,I,C
1243893513,C,B,D,C,C,D,E,A
1247685321,C,B,E,A,B,P,K,C
1234893129,C,B,C,C,C,K,K,D
1238706577,B,B,B,A,A,E,K,A
1246414733,B,B,E,B,C,J,B,A
1235880863,B,A,C,B,D,I,A,A
1232541855,A,A,F,B,D,I,E,A
1235765327,B,A,B,A,C,F,K,A
1244628671,B,A,C,A,C,F,E,A
1232498991,B,B,C,A,D,E,L,A
1238678465,C,A,B,C,C,C,K,C
1237558975,B,B,C,A,B,I,A,A
1236554391,D,B,F,C,C,M,K,C
1241718619,D,A,B,B,D,D,A,A
1238686463,B,A,C,B,E,K,A,A
1255856167,B,A,C,C,D,I,A,A
1240402439,B,B,E,B,D,H,A,A
1246636309,B,A,B,B,E,I,A,B
1243873123,C,A,E,A,C,E,K,A
1236890261,B,A,F,C,E,L,L,A
1242429959,B,A,F,B,D,H,A,A
1236899431,B,B,D,A,B,F,K,A
1240432593,B,A,E,A,C,K,J,A
1255887991,B,A,D,B,E,I,A,A
1239768719,B,A,F,C,D,K,A,A
1245201197,A,B,E,B,D,K,A,A
1242915687,B,B,E,A,A,H,J,A
1245174527,B,A,C,B,E,D,B,A
1239704285,B,A,E,B,E,H,A,A
1198746071,D,A,E,A,B,L,B,A
1237430623,B,B,E,C,C,J,L,A
1238156409,C,B,E,D,A,G,J,A
1247693069,B,B,B,B,E,G,A,A
1240146061,B,A,C,B,E,H,A,A
1243856313,B,B,E,B,D,E,A,A
1237408271,C,A,C,C,C,B,J,C
1235357433,C,B,E,B,D,C,B,F
1242221185,C,B,E,C,C,F,L,B
1238686221,C,B,F,B,E,L,B,C
1247689643,B,B,C,A,B,D,L,C
1238767863,B,A,C,A,B,C,L,B
1236363859,C,A,B,A,B,B,K,A
1235886157,C,B,B,B,E,D,A,A
1238088525,D,B,F,A,B,H,I,A
1247032419,D,B,B,C,C,D,A,A
1236841953,B,B,B,A,B,C,K,A
1235571183,D,A,D,C,D,C,K,A
1232940607,B,A,C,B,C,C,K,A
1235566663,B,B,B,D,C,H,K,A
1244559435,C,A,F,A,C,L,K,B
1238344279,E,B,C,C,E,G,L,A
1238721647,C,A,B,C,C,H,K,A
1240459881,B,B,F,B,D,G,A,C
1247683853,B,A,F,C,C,D,B,C
1249693823,A,A,E,B,D,K,A,A
1242408909,B,A,D,B,E,I,A,C
1239490359,B,A,E,B,E,F,B,C
1240637991,D,A,C,C,C,F,I,C
1246247457,B,B,B,B,D,C,B,C
1249694021,C,A,B,C,C,E,B,C
1242460505,B,A,E,C,C,J,B,C
1238345499,A,B,F,C,A,H,B,C
1243728285,B,B,F,A,A,J,E,C
1242933159,B,A,F,A,C,G,B,C
1251664649,B,A,E,A,C,L,J,B
1238969053,B,A,E,A,A,H,A,B
1236837215,B,B,E,A,C,J,L,B
1249716103,B,B,E,A,C,H,L,B
1238094327,B,A,E,A,A,E,A,B
1249716145,B,B,F,A,C,I,B,G
1238094187,B,B,E,A,B,G,A,B
1237493661,B,B,E,C,D,K,A,B
1247685129,B,B,E,A,C,K,I,B
1251665259,B,B,E,A,B,G,A,B
1249716187,B,B,D,A,C,B,L,B
1246387245,C,B,A,A,C,C,L,B
1239119713,B,B,F,A,B,J,L,B
1237338849,B,B,E,A,C,K,A,B
1247685353,B,B,E,C,D,L,L,B
1235044297,B,A,F,C,B,K,K,B
1240548147,B,B,F,A,C,D,B,B
1247685435,B,B,F,A,A,G,A,B
1237530441,B,B,C,A,C,D,A,B
1247685629,B,B,E,C,C,M,A,B
1238728383,B,A,E,C,A,G,K,B
1247685699,B,B,E,A,C,E,A,B
1249716293,B,B,C,A,B,E,A,B
1235675047,B,B,F,A,C,B,A,B
1232901323,B,B,E,A,C,B,A,B
1249716395,C,B,E,A,A,E,K,B
1249716437,B,B,E,A,B,E,K,B
1236091013,D,B,B,C,D,D,K,A
1238012883,C,B,B,B,C,E,K,A
1237607685,B,B,B,B,D,C,L,F
1242719031,B,B,E,B,E,I,B,C
1239484907,C,A,B,B,E,C,A,A
1242967869,B,A,F,A,C,I,A,A
1240325297,B,B,E,C,B,D,K,A
1234862455,B,B,C,A,C,B,J,A
1236249349,D,B,E,C,B,H,K,A
1257248839,D,B,E,A,B,F,L,F
1241496759,C,B,B,B,D,G,K,D
1243991199,B,B,C,B,E,D,A,A
1245174751,C,A,E,A,B,L,K,B
1238945505,C,B,D,A,C,C,J,C
1257249253,C,B,E,B,E,M,A,A
1255887371,A,A,E,C,E,L,A,A
1238294323,A,B,B,A,C,J,A,B
1240061621,A,A,F,A,B,F,K,A
1240378965,D,A,F,B,C,I,B,A
1241970833,D,B,F,B,E,H,A,A
1240635727,C,B,F,C,C,M,A,A
1239767127,C,A,E,C,C,G,L,A
1238092945,B,A,E,B,D,D,B,A
1243729781,C,B,E,A,B,K,I,A
1242482475,B,B,C,C,C,L,A,A
1236814523,C,A,F,B,E,L,A,A
1247684159,B,B,D,A,C,F,B,F
1241105377,C,B,E,A,A,L,K,A
1237657031,C,B,B,A,C,C,I,B
1240430463,B,B,F,A,C,D,A,F
1251861515,D,B,F,A,E,H,A,C
1243820831,B,B,D,A,A,M,G,A
1236769355,D,B,E,A,B,H,J,A
1239118435,D,B,F,A,A,I,L,H
1248311951,B,B,C,B,E,J,B,C
1247684557,B,B,F,B,D,F,A,A
1243873453,C,A,C,C,C,F,B,B
1237561535,A,B,E,A,C,J,A,A
1238999817,B,A,E,D,C,J,L,A
1240429465,B,A,E,B,C,E,A,A
1247684871,E,C,D,D,A,A,J,C
1243745931,C,B,E,C,B,J,E,G
1240719479,D,B,E,B,D,F,A,A
1238213131,C,B,F,A,B,D,B,C
1244941839,D,D,E,B,D,J,A,A
1247764341,C,A,B,C,C,H,K,C
1243041087,B,B,F,A,B,G,B,C
1246388793,E,A,E,B,C,J,I,C
1240327407,D,A,F,C,A,I,K,C
1247684615,B,B,E,A,A,G,A,B
1243647961,B,B,E,A,D,M,A,B
1241123369,B,A,F,A,B,B,L,B
1249716233,C,B,D,A,C,D,A,B
1236632959,C,A,E,C,C,K,K,B
1239579175,B,B,C,A,C,B,L,B
1251665839,B,B,E,B,D,E,K,B
1249716349,B,B,E,A,B,O,B,B
1251666027,B,B,D,A,C,C,A,B
1240462269,E,A,F,A,C,L,A,G
1242896061,B,B,B,C,A,D,K,A
1236992137,D,B,B,A,A,G,K,A
1240238819,D,A,C,C,C,K,A,A
1237560385,B,B,E,A,C,J,E,A
1235539557,B,B,C,B,E,H,L,A
1240404431,C,A,E,A,A,N,K,A
1242502915,B,B,D,A,B,J,I,A
1243928215,B,B,E,A,A,C,K,C
1237954089,B,A,C,A,E,H,B,C
1239520209,C,A,D,C,A,G,K,C
1236673211,C,B,B,C,C,C,A,A
1245090831,C,B,B,A,A,I,B,A
1238966911,C,A,D,C,D,K,A,A
1232539839,C,A,E,C,C,I,A,A
1232899205,B,A,E,B,E,P,A,A
1242984307,B,A,E,B,C,H,J,A
1237946809,C,A,C,C,D,N,A,A
1242930851,A,A,C,B,E,C,A,A
1246450765,B,B,E,B,D,J,A,A
1239098211,B,B,D,C,D,K,A,A
1242966631,B,A,E,A,B,D,J,A
1236869313,B,B,E,B,D,J,B,A
1255812719,A,A,C,B,D,I,A,A
1242501669,A,A,C,C,D,H,A,A
1239078651,B,A,C,B,E,G,K,A
1238335347,B,B,C,B,E,K,B,A
1237525511,A,A,D,B,E,F,A,A
1232934847,B,A,C,B,E,I,L,A
1255832917,B,A,E,B,D,K,A,A
1232631931,B,A,C,C,C,D,A,G
1240327325,B,B,D,C,A,D,I,A
1242410563,B,A,C,C,D,K,A,A
1238965101,B,B,E,A,A,H,I,A
1237286531,B,B,E,A,A,H,I,A
1238988767,B,B,E,B,C,H,B,A
1238092443,B,A,E,C,C,H,A,A
1235358021,A,B,D,B,D,H,B,A
1239769441,B,A,E,A,C,O,I,A
1232850559,A,B,F,C,B,E,K,A
1242428383,B,A,C,B,C,K,K,A
1238964949,C,A,D,B,E,F,A,A
1240378453,A,A,C,A,C,H,A,A
1241392843,D,B,F,A,A,F,K,A
1240032259,B,A,E,A,A,I,E,A
1240376445,C,B,C,B,D,F,A,A
1238288399,C,B,F,B,C,H,A,A
1238966997,B,B,D,A,B,B,A,A
1242243373,B,A,F,B,D,D,A,A
1239704957,B,A,F,A,A,F,J,A
1249775135,B,A,C,C,A,H,K,A
1239554875,B,B,C,C,E,D,A,A
1241021095,B,B,C,B,D,C,A,A
1238164877,C,B,E,A,B,N,I,A
1238463029,B,B,F,A,D,E,B,C
1234686395,C,B,E,C,B,J,A,A
1239249341,B,B,D,B,D,E,A,A
1250230069,C,A,E,C,D,K,A,A
1240137997,C,B,F,A,B,K,A,B
1238967427,B,B,D,B,C,F,B,A
1242948391,A,B,C,A,C,B,A,A
1241168003,B,B,C,B,E,B,B,A
1232616931,B,B,E,B,D,G,A,A
1237433811,D,B,E,C,C,J,J,A
1245065597,B,B,D,B,E,F,A,A
1238212883,D,A,E,A,A,N,I,A
1236839775,C,B,D,B,D,J,L,A
1235355395,B,B,D,B,C,D,A,A
1245222611,C,B,C,B,E,J,A,A
1237401181,C,B,D,D,D,F,A,A
1236891453,B,B,E,C,C,K,B,A
1239707217,B,B,D,B,D,F,L,A
1239095265,A,B,D,B,C,D,A,A
1242451763,C,B,E,B,E,J,A,A
1242660885,C,A,E,C,C,K,A,E
1239205999,B,B,C,B,D,F,A,A
1232692233,B,A,E,B,D,J,B,C
1237858653,C,B,C,A,B,E,K,F
1237374325,B,A,F,C,C,L,A,B
1240673909,C,B,C,A,C,A,A,B
1238252721,C,B,C,C,C,G,K,B
1235324861,B,B,F,C,C,J,A,B
1242259013,D,B,B,B,E,E,A,A
1238877333,B,A,D,A,B,J,I,A
1237387095,C,A,C,C,C,H,K,A
1236946827,D,A,E,D,E,D,B,A
1240563963,B,B,C,C,B,J,K,A
1236751493,B,B,E,A,B,B,I,A
1237607935,B,B,C,A,B,C,L,A
1232852717,C,A,C,C,B,F,I,A
1242897813,B,A,F,B,E,M,A,A
1235338221,C,A,E,B,D,K,L,A
1242572319,B,B,F,C,C,K,B,A
1238137345,B,A,F,C,C,D,E,G
1243168607,D,B,F,C,D,J,A,A
1239079343,D,B,F,A,A,K,A,A
1243003507,B,A,E,B,E,I,K,A
1246667185,C,B,D,B,D,H,E,A
1237905549,B,A,C,C,C,K,J,A
1240376557,C,B,D,C,C,J,K,A
1241020921,B,B,D,C,C,I,A,A
1246523555,C,B,D,B,D,I,A,A
1242430953,B,B,F,C,D,J,A,A
1238965877,B,B,E,A,A,G,L,A
1236026249,B,B,B,A,D,I,G,A
1237096347,C,A,B,C,C,A,K,C
1260825743,C,A,D,C,D,H,L,F
1242461295,B,A,E,C,B,K,J,A
1239002407,B,B,E,A,A,B,L,A
1239036553,A,B,E,B,D,F,A,E
1236178169,C,B,E,A,A,D,I,A
1237011261,D,A,E,A,B,G,B,D
1239086905,B,A,E,A,A,H,A,A
1241095639,A,A,D,C,B,L,L,A
1232537871,B,A,C,B,D,G,L,A
1247684763,B,B,C,A,C,B,E,A
1237466785,B,A,C,B,E,E,A,A
1240766023,B,A,E,A,B,D,K,H
1238081795,B,A,C,C,D,H,A,A
1242391765,A,A,E,C,B,A,L,A
1239005653,A,B,C,A,C,C,A,A
1232838069,B,A,C,B,D,D,B,A
1240403823,B,A,E,A,A,B,J,F
1232933583,A,B,F,A,B,J,A,A
1232847631,B,A,C,C,B,K,I,A
1239401553,B,A,C,C,C,C,L,A
1241128937,A,A,D,B,D,G,E,A
1235490985,B,A,C,A,C,F,I,A
1238088447,D,A,F,A,A,L,I,A
1236890905,B,A,F,A,B,J,I,F
1242841255,B,B,E,B,D,I,E,A
1241075389,B,A,D,A,A,G,A,A
1243927507,D,A,F,A,B,J,J,A
1232877183,B,B,D,B,E,C,A,A
1241619163,D,A,B,C,D,D,K,A
1238565149,D,B,E,C,C,C,L,B
1232819391,B,A,D,C,E,G,A,G
1236778609,D,B,E,C,C,H,K,B
1252783785,C,B,D,C,B,G,K,B
1187159971,D,C,B,C,C,A,K,A
1240280253,D,A,E,A,C,G,K,D
1236248493,D,B,C,C,C,F,G,F
1243911985,B,B,C,B,C,A,A,A
1236784357,B,B,C,A,A,F,K,A
1244190595,B,B,E,C,C,L,B,A
